Order_ID,Order_Date,Customer_ID,Customer_Name,Industry,Country,Region,Product_Category,Product,Application,Sales_Channel,Quantity,Unit_Price,Discount_Pct,Revenue,Cost,Gross_Profit,Order_Status,Delivery_Days,Warranty_Status,Service_Request,Service_Type,Customer_Rating,Sales_Rep
KF-10001,2024-05-10,CUST-1188,Prime Commercial Group,Commercial,UK,Europe,Fire Detection,Manual Call Point,Commercial Building,Direct,21,6072.64,5,121149.17,74420.49,46728.68,Delivered,6.0,Expired,No,Unknown,1.0,Priya Sharma
KF-10002,2025-07-16,CUST-1018,NextGrid Energy,Marine,India,Asia Pacific,Fire Suppression,Clean Agent System,Engine Room,Direct,27,28987.16,5,743520.65,571352.67,172167.98,Delivered,7.0,Not Applicable,No,Unknown,4.0,Priya Sharma
KF-10003,2024-03-21,CUST-1004,Vertex Industrial,Power Generation,Singapore,Asia Pacific,Fire Detection,Addressable Fire Alarm Panel,Turbine Hall,Direct,20,6825.46,10,122858.28,76369.63,46488.65,Delivered,44.0,Expired,No,Unknown,3.0,Robert Taylor
KF-10004,2025-12-20,CUST-1217,BlueWave Engineering,BESS,Japan,Asia Pacific,Gas Ignition Controls,Flame Detector,Battery Energy Storage Room,Direct,14,8378.68,0,117301.52,77193.7,40107.82,Processing,0.0,Active,No,Unknown,0.0,Robert Taylor
KF-10005,2026-02-11,CUST-1201,Eastern Process Solutions,BESS,USA,North America,Gas Ignition Controls,Gas Ignition Controller,Battery Energy Storage Room,OEM Partner,8,7341.04,10,52855.49,40439.99,12415.5,On Hold,0.0,Expired,No,Unknown,0.0,Sarah Wilson
KF-10006,2024-01-05,CUST-1042,Oceanic Marine Ltd,Commercial,USA,North America,Fire Detection,Manual Call Point,Commercial Building,System Integrator,3,2968.28,15,7569.11,5932.21,1636.9,Delivered,18.0,Active,No,Unknown,4.0,Ananya Rao
KF-10007,2026-03-06,CUST-1134,NextGrid Energy,Oil & Gas,Japan,Asia Pacific,Fire Suppression,Water Mist System,Process Area,Distributor,5,27968.08,7,130051.57,97115.8,32935.77,On Hold,0.0,Expired,No,Unknown,0.0,Emily Davis
KF-10008,2025-03-31,CUST-1059,Vertex Industrial,Manufacturing,Germany,Europe,Fire Detection,Addressable Fire Alarm Panel,Production Floor,OEM Partner,30,6355.31,10,171593.37,99810.46,71782.91,Delivered,41.0,Expired,No,Unknown,3.0,Ananya Rao
KF-10009,2024-04-22,CUST-1129,Oceanic Marine Ltd,Power Generation,Japan,Asia Pacific,Fire Suppression,Clean Agent System,Turbine Hall,Distributor,20,24346.36,5,462580.84,272392.05,190188.79,On Hold,0.0,Active,Yes,Preventive Maintenance,0.0,Sarah Wilson
KF-10010,2026-06-25,CUST-1070,Oceanic Marine Ltd,BESS,Germany,Europe,Gas Ignition Controls,Ignition Module,Battery Energy Storage Room,OEM Partner,23,11181.77,5,244321.67,199371.75,44949.92,Processing,0.0,Expired,Yes,Inspection,0.0,Priya Sharma
KF-10011,2025-10-02,CUST-1042,Oceanic Marine Ltd,Marine,Australia,Asia Pacific,Temperature Controls,Temperature Controller,Engine Room,System Integrator,20,2727.96,5,51831.24,41714.57,10116.67,In Transit,29.0,Active,No,Unknown,0.0,Priya Sharma
KF-10012,2024-04-08,CUST-1120,Apex Data Infrastructure,Data Center,Canada,North America,Fire Suppression,Water Mist System,Server Room,OEM Partner,2,22039.67,7,40993.79,27111.95,13881.84,In Transit,20.0,Not Applicable,No,Unknown,0.0,Priya Sharma
KF-10013,2026-04-01,CUST-1248,Eastern Process Solutions,Marine,Canada,North America,Temperature Controls,Thermal Sensor,Engine Room,System Integrator,16,719.21,3,11162.14,7944.05,3218.09,Delivered,45.0,Active,Yes,Replacement,3.0,David Miller
KF-10014,2024-10-09,CUST-1197,Oceanic Marine Ltd,Marine,India,Asia Pacific,Fire Suppression,CO2 Suppression System,Engine Room,OEM Partner,22,25642.01,5,535918.01,425567.76,110350.25,Delivered,25.0,Active,No,Unknown,4.0,David Miller
KF-10015,2024-04-08,CUST-1160,MedCore Facilities,Oil & Gas,Japan,Asia Pacific,Fire Detection,Manual Call Point,Process Area,Direct,29,1493.21,5,41137.94,33403.89,7734.05,On Hold,0.0,Active,No,Unknown,0.0,Ananya Rao
KF-10016,2025-09-30,CUST-1246,MedCore Facilities,Oil & Gas,Germany,Europe,Fire Suppression,CO2 Suppression System,Process Area,Direct,26,6565.62,7,158756.69,105743.9,53012.79,Delivered,6.0,Active,No,Unknown,3.0,Sarah Wilson
KF-10017,2025-10-15,CUST-1066,MedCore Facilities,Commercial,Australia,Asia Pacific,Fire Detection,Manual Call Point,Commercial Building,System Integrator,28,5572.84,0,156039.52,105362.27,50677.25,Cancelled,0.0,Active,No,Unknown,0.0,Emily Davis
KF-10018,2024-02-22,CUST-1094,Oceanic Marine Ltd,Oil & Gas,Germany,Europe,Fire Suppression,Clean Agent System,Process Area,System Integrator,26,9679.7,3,244122.03,172188.64,71933.39,Delivered,9.0,Active,No,Unknown,3.0,Ananya Rao
KF-10019,2026-03-01,CUST-1096,Vertex Industrial,Oil & Gas,India,Asia Pacific,Gas Ignition Controls,Flame Detector,Process Area,OEM Partner,19,5864.38,0,111423.22,90368.2,21055.02,Delivered,16.0,Active,Yes,Preventive Maintenance,4.0,Michael Brown
KF-10020,2024-08-07,CUST-1218,Summit Energy Services,Manufacturing,India,Asia Pacific,Fire Suppression,Clean Agent System,Production Floor,OEM Partner,5,12985.48,10,58434.66,34093.96,24340.7,Delivered,34.0,Not Applicable,No,Unknown,4.0,James Anderson
KF-10021,2024-11-20,CUST-1241,NextGrid Energy,Manufacturing,UK,Europe,Fire Suppression,Clean Agent System,Production Floor,OEM Partner,26,7094.13,12,162313.69,113660.09,48653.6,In Transit,20.0,Active,No,Unknown,0.0,Priya Sharma
KF-10022,2024-01-12,CUST-1090,Eastern Process Solutions,Marine,Netherlands,Europe,Fire Detection,Addressable Fire Alarm Panel,Engine Room,Direct,11,6358.1,3,67840.93,43808.33,24032.6,Delivered,6.0,Active,No,Unknown,4.0,Sarah Wilson
KF-10023,2026-01-30,CUST-1240,NextGrid Energy,Manufacturing,Singapore,Asia Pacific,Temperature Controls,High Temperature Switch,Production Floor,Distributor,4,7309.67,0,29238.68,19891.28,9347.4,Delivered,41.0,Expired,No,Unknown,5.0,Michael Brown
KF-10024,2026-05-29,CUST-1233,Oceanic Marine Ltd,BESS,Japan,Asia Pacific,Gas Ignition Controls,Gas Ignition Controller,Battery Energy Storage Room,OEM Partner,17,3808.66,12,56977.55,39956.11,17021.44,Delivered,17.0,Not Applicable,No,Unknown,1.0,Michael Brown
KF-10025,2025-07-18,CUST-1186,MedCore Facilities,Marine,Germany,Europe,Fire Suppression,Water Mist System,Engine Room,Distributor,26,14009.89,7,338759.14,213775.55,124983.59,Processing,0.0,Expired,Yes,Breakdown Support,0.0,Robert Taylor
KF-10026,2024-06-22,CUST-1005,Prime Commercial Group,Marine,USA,North America,Gas Ignition Controls,Ignition Module,Engine Room,Distributor,18,9363.1,10,151682.22,118499.52,33182.7,In Transit,13.0,Expired,No,Unknown,0.0,David Miller
KF-10027,2024-06-30,CUST-1173,Global Power Systems,Data Center,India,Asia Pacific,Fire Suppression,Water Mist System,Server Room,OEM Partner,7,6286.47,0,44005.29,33730.73,10274.56,In Transit,14.0,Not Applicable,Yes,Inspection,0.0,Emily Davis
KF-10028,2026-07-22,CUST-1213,Prime Commercial Group,Data Center,Canada,North America,Temperature Controls,Temperature Controller,Server Room,OEM Partner,7,2679.06,5,17815.75,14047.07,3768.68,Delivered,36.0,Active,No,Unknown,2.0,David Miller
KF-10029,2024-01-12,CUST-1152,Prime Commercial Group,Data Center,India,Asia Pacific,Fire Suppression,Clean Agent System,Server Room,OEM Partner,14,26716.13,5,355324.53,268946.62,86377.91,On Hold,0.0,Active,No,Unknown,0.0,Sarah Wilson
KF-10030,2026-07-17,CUST-1082,Oceanic Marine Ltd,Power Generation,Canada,North America,Fire Suppression,Water Mist System,Turbine Hall,OEM Partner,28,11424.25,7,297487.47,210818.4,86669.07,Delivered,17.0,Expired,Yes,Inspection,5.0,James Anderson
KF-10031,2024-06-25,CUST-1205,Eastern Process Solutions,Power Generation,Singapore,Asia Pacific,Fire Detection,Smoke Detector,Turbine Hall,Distributor,27,5191.27,10,126147.86,103056.02,23091.84,Delivered,30.0,Active,No,Unknown,5.0,Michael Brown
KF-10032,2025-12-14,CUST-1110,Apex Data Infrastructure,Oil & Gas,UK,Europe,Fire Detection,Heat Detector,Process Area,System Integrator,28,2538.66,7,66106.71,49862.24,16244.47,Processing,0.0,Active,No,Unknown,0.0,James Anderson
KF-10033,2024-02-23,CUST-1145,MedCore Facilities,BESS,Singapore,Asia Pacific,Gas Ignition Controls,Flame Detector,Battery Energy Storage Room,System Integrator,8,10256.77,10,73848.74,48287.22,25561.52,On Hold,0.0,Active,No,Unknown,0.0,James Anderson
KF-10034,2024-06-14,CUST-1133,NextGrid Energy,Oil & Gas,Singapore,Asia Pacific,Temperature Controls,Temperature Controller,Process Area,Distributor,28,7712.59,12,190038.22,126105.81,63932.41,Delivered,19.0,Active,No,Unknown,5.0,Ananya Rao
KF-10035,2026-01-30,CUST-1184,BlueWave Engineering,Commercial,India,Asia Pacific,Fire Detection,Manual Call Point,Commercial Building,System Integrator,2,6822.13,3,13234.93,7917.23,5317.7,Delivered,20.0,Active,Yes,Commissioning,3.0,Ananya Rao
KF-10036,2024-08-20,CUST-1026,BlueWave Engineering,Power Generation,UK,Europe,Gas Ignition Controls,Gas Ignition Controller,Turbine Hall,System Integrator,19,5643.8,0,107232.2,65299.33,41932.87,Delivered,38.0,Active,No,Unknown,4.0,Michael Brown
KF-10037,2025-09-30,CUST-1078,Eastern Process Solutions,Healthcare,Japan,Asia Pacific,Gas Ignition Controls,Ignition Module,Critical Care Area,Distributor,29,12443.63,3,350039.31,220610.12,129429.19,On Hold,0.0,Active,No,Unknown,0.0,James Anderson
KF-10038,2026-06-01,CUST-1017,MedCore Facilities,Marine,USA,North America,Fire Detection,Heat Detector,Engine Room,Distributor,15,1060.1,10,14311.35,9516.98,4794.37,Delivered,29.0,Expired,No,Unknown,4.0,Sarah Wilson
KF-10039,2026-02-14,CUST-1180,Summit Energy Services,BESS,UK,Europe,Gas Ignition Controls,Gas Ignition Controller,Battery Energy Storage Room,OEM Partner,10,9734.39,7,90529.83,65257.69,25272.14,In Transit,23.0,Active,No,Unknown,0.0,Sarah Wilson
KF-10040,2025-03-21,CUST-1031,Eastern Process Solutions,Data Center,USA,North America,Gas Ignition Controls,Gas Ignition Controller,Server Room,Direct,1,2907.6,5,2762.22,2166.12,596.1,Delivered,35.0,Active,No,Unknown,2.0,Priya Sharma
KF-10041,2025-12-15,CUST-1225,NextGrid Energy,Marine,Saudi Arabia,Middle East,Fire Suppression,Water Mist System,Engine Room,Direct,4,14953.98,10,53834.33,40506.55,13327.78,Delivered,9.0,Active,No,Unknown,4.0,Priya Sharma
KF-10042,2025-10-11,CUST-1065,Prime Commercial Group,Commercial,Canada,North America,Temperature Controls,Thermal Sensor,Commercial Building,Direct,30,2705.03,5,77093.36,54864.63,22228.73,On Hold,0.0,Active,No,Unknown,0.0,Michael Brown
KF-10043,2026-07-18,CUST-1093,Eastern Process Solutions,Marine,USA,North America,Fire Suppression,CO2 Suppression System,Engine Room,System Integrator,30,13011.65,12,343507.56,280928.41,62579.15,Delivered,39.0,Not Applicable,No,Unknown,2.0,Michael Brown
KF-10044,2025-02-05,CUST-1179,Vertex Industrial,Commercial,Japan,Asia Pacific,Fire Detection,Addressable Fire Alarm Panel,Commercial Building,Direct,5,3547.69,5,16851.53,12153.22,4698.31,Processing,0.0,Active,No,Unknown,0.0,Robert Taylor
KF-10045,2025-08-01,CUST-1033,NextGrid Energy,Manufacturing,UK,Europe,Fire Detection,Addressable Fire Alarm Panel,Production Floor,Distributor,23,4099.93,7,87697.5,59947.1,27750.4,In Transit,12.0,Expired,Yes,Replacement,0.0,Robert Taylor
KF-10046,2026-05-14,CUST-1184,Eastern Process Solutions,Commercial,India,Asia Pacific,Fire Detection,Addressable Fire Alarm Panel,Commercial Building,Direct,5,1250.97,10,5629.37,4449.59,1179.78,Delivered,17.0,Active,No,Unknown,3.0,James Anderson
KF-10047,2024-05-13,CUST-1210,BlueWave Engineering,Manufacturing,Canada,North America,Temperature Controls,Temperature Controller,Production Floor,Direct,19,2804.38,15,45290.74,29991.79,15298.95,Delivered,30.0,Not Applicable,Yes,Replacement,3.0,Robert Taylor
KF-10048,2025-04-06,CUST-1046,Prime Commercial Group,Healthcare,Australia,Asia Pacific,Gas Ignition Controls,Gas Ignition Controller,Critical Care Area,Direct,5,9931.12,0,49655.6,29721.71,19933.89,On Hold,0.0,Not Applicable,No,Unknown,0.0,Sarah Wilson
KF-10049,2024-11-08,CUST-1038,Global Power Systems,Manufacturing,Singapore,Asia Pacific,Temperature Controls,High Temperature Switch,Production Floor,System Integrator,22,5701.35,10,112886.73,71044.04,41842.69,Delivered,0.0,Active,No,Unknown,5.0,Sarah Wilson
KF-10050,2024-10-11,CUST-1049,MedCore Facilities,Marine,France,Europe,Fire Suppression,CO2 Suppression System,Engine Room,Direct,12,17406.09,0,208873.08,136760.39,72112.69,In Transit,26.0,Active,No,Unknown,0.0,Priya Sharma
KF-10051,2025-12-23,CUST-1078,Oceanic Marine Ltd,Manufacturing,Netherlands,Europe,Fire Suppression,Water Mist System,Production Floor,System Integrator,29,27455.58,5,756401.23,516190.39,240210.84,Delivered,34.0,Active,Yes,Inspection,2.0,Sarah Wilson
KF-10052,2024-06-10,CUST-1008,Apex Data Infrastructure,Oil & Gas,Netherlands,Europe,Fire Suppression,FM-200 Suppression System,Process Area,Direct,19,29819.74,5,538246.31,428112.13,110134.18,Delivered,27.0,Not Applicable,No,Unknown,5.0,Robert Taylor
KF-10053,2024-04-05,CUST-1144,NextGrid Energy,Healthcare,USA,North America,Fire Suppression,Clean Agent System,Critical Care Area,OEM Partner,22,8824.45,3,188313.76,113716.26,74597.5,On Hold,0.0,Active,No,Unknown,0.0,James Anderson
KF-10054,2024-03-22,CUST-1234,Global Power Systems,Power Generation,Canada,North America,Fire Detection,Manual Call Point,Turbine Hall,System Integrator,7,4351.0,12,26802.16,19680.88,7121.28,Cancelled,0.0,Expired,No,Unknown,0.0,Robert Taylor
KF-10055,2025-12-14,CUST-1014,BlueWave Engineering,Healthcare,Canada,North America,Fire Suppression,FM-200 Suppression System,Critical Care Area,OEM Partner,30,39512.41,10,1066835.07,654638.98,412196.09,Delivered,27.0,Expired,No,Unknown,1.0,Sarah Wilson
KF-10056,2024-05-25,CUST-1122,MedCore Facilities,Marine,Australia,Asia Pacific,Fire Detection,Smoke Detector,Engine Room,Direct,14,2169.66,5,28856.48,16864.12,11992.36,Delivered,40.0,Active,Yes,Replacement,5.0,Sarah Wilson
KF-10057,2025-12-02,CUST-1036,Oceanic Marine Ltd,Marine,USA,North America,Gas Ignition Controls,Flame Detector,Engine Room,Distributor,8,10272.56,10,73962.43,50076.38,23886.05,Delivered,6.0,Active,No,Unknown,2.0,James Anderson
KF-10058,2024-10-15,CUST-1109,Global Power Systems,Data Center,Netherlands,Europe,Fire Suppression,Water Mist System,Server Room,Direct,27,32857.98,12,780705.6,590070.8,190634.8,Delivered,0.0,Active,No,Unknown,5.0,Sarah Wilson
KF-10059,2024-04-17,CUST-1044,Apex Data Infrastructure,Data Center,UK,Europe,Fire Detection,Addressable Fire Alarm Panel,Server Room,Direct,25,314.63,0,7865.75,4708.94,3156.81,In Transit,34.0,Active,Yes,Replacement,0.0,Michael Brown
KF-10060,2024-07-18,CUST-1026,Summit Energy Services,Oil & Gas,UAE,Middle East,Fire Suppression,Water Mist System,Process Area,OEM Partner,16,5817.13,10,83766.67,61395.57,22371.1,Delivered,29.0,Active,No,Unknown,2.0,Robert Taylor
KF-10061,2025-04-21,CUST-1103,Apex Data Infrastructure,Manufacturing,Saudi Arabia,Middle East,Fire Suppression,FM-200 Suppression System,Production Floor,Distributor,14,13103.43,0,183448.02,124969.02,58479.0,Delivered,34.0,Active,No,Unknown,4.0,Robert Taylor
KF-10062,2025-05-30,CUST-1016,Summit Energy Services,Marine,Netherlands,Europe,Fire Detection,Smoke Detector,Engine Room,OEM Partner,5,5546.21,7,25789.88,19934.4,5855.48,Processing,0.0,Active,No,Unknown,0.0,Emily Davis
KF-10063,2025-04-21,CUST-1153,MedCore Facilities,Marine,France,Europe,Gas Ignition Controls,Flame Detector,Engine Room,OEM Partner,23,4596.71,0,105724.33,62656.9,43067.43,Delivered,20.0,Not Applicable,No,Unknown,5.0,James Anderson
KF-10064,2025-08-07,CUST-1229,Vertex Industrial,Healthcare,India,Asia Pacific,Fire Detection,Smoke Detector,Critical Care Area,System Integrator,30,2078.72,0,62361.6,50952.76,11408.84,Delivered,28.0,Active,No,Unknown,5.0,Ananya Rao
KF-10065,2024-12-31,CUST-1006,Prime Commercial Group,Power Generation,Saudi Arabia,Middle East,Fire Suppression,Clean Agent System,Turbine Hall,Direct,25,30037.42,3,728407.44,567687.4,160720.04,Delivered,38.0,Active,Yes,Breakdown Support,5.0,Emily Davis
KF-10066,2024-06-08,CUST-1142,Prime Commercial Group,Power Generation,UAE,Middle East,Fire Suppression,Water Mist System,Turbine Hall,Distributor,17,16458.89,7,260215.05,160535.78,99679.27,Delivered,17.0,Active,No,Unknown,4.0,David Miller
KF-10067,2024-02-07,CUST-1176,Prime Commercial Group,Data Center,UAE,Middle East,Fire Detection,Addressable Fire Alarm Panel,Server Room,Direct,3,5464.6,0,16393.8,11115.47,5278.33,Delivered,9.0,Active,No,Unknown,5.0,Michael Brown
KF-10068,2024-05-26,CUST-1013,BlueWave Engineering,Marine,USA,North America,Fire Suppression,Clean Agent System,Engine Room,Direct,26,6864.08,3,173112.1,136909.37,36202.73,Cancelled,0.0,Active,Yes,Preventive Maintenance,0.0,Sarah Wilson
KF-10069,2025-10-31,CUST-1077,MedCore Facilities,Commercial,USA,North America,Temperature Controls,Temperature Controller,Commercial Building,Distributor,11,3881.44,3,41414.96,27351.62,14063.34,Cancelled,0.0,Active,No,Unknown,0.0,Ananya Rao
KF-10070,2024-08-11,CUST-1221,Vertex Industrial,Healthcare,USA,North America,Gas Ignition Controls,Gas Ignition Controller,Critical Care Area,OEM Partner,2,2045.33,10,3681.59,2613.58,1068.01,Processing,0.0,Active,Yes,Replacement,0.0,Priya Sharma
KF-10071,2025-11-17,CUST-1204,MedCore Facilities,BESS,Singapore,Asia Pacific,Gas Ignition Controls,Gas Ignition Controller,Battery Energy Storage Room,Direct,22,5299.83,10,104936.63,85799.93,19136.7,On Hold,0.0,Expired,Yes,Replacement,0.0,David Miller
KF-10072,2025-05-03,CUST-1206,NextGrid Energy,Marine,Australia,Asia Pacific,Fire Suppression,CO2 Suppression System,Engine Room,Distributor,26,17088.88,12,390993.57,236365.96,154627.61,Delivered,33.0,Expired,No,Unknown,2.0,David Miller
KF-10073,2026-06-10,CUST-1024,Global Power Systems,Commercial,USA,North America,Gas Ignition Controls,Gas Ignition Controller,Commercial Building,System Integrator,15,2791.37,15,35589.97,24138.55,11451.42,In Transit,38.0,Active,Yes,Preventive Maintenance,0.0,Priya Sharma
KF-10074,2026-07-28,CUST-1199,Apex Data Infrastructure,Data Center,Netherlands,Europe,Fire Detection,Addressable Fire Alarm Panel,Server Room,Distributor,29,4033.64,10,105278.0,76883.77,28394.23,Delivered,7.0,Active,No,Unknown,1.0,Priya Sharma
KF-10075,2024-03-12,CUST-1032,BlueWave Engineering,BESS,USA,North America,Fire Detection,Addressable Fire Alarm Panel,Battery Energy Storage Room,Direct,22,5891.63,5,123135.07,84871.2,38263.87,Delivered,34.0,Active,No,Unknown,4.0,Priya Sharma
KF-10076,2025-10-21,CUST-1033,BlueWave Engineering,Healthcare,Japan,Asia Pacific,Temperature Controls,Temperature Controller,Critical Care Area,Direct,9,3401.93,5,29086.5,21185.37,7901.13,Delivered,44.0,Active,No,Unknown,4.0,Emily Davis
KF-10077,2024-11-12,CUST-1223,BlueWave Engineering,Power Generation,Canada,North America,Fire Suppression,CO2 Suppression System,Turbine Hall,Distributor,6,21021.46,7,117299.75,94821.83,22477.92,In Transit,10.0,Active,No,Unknown,0.0,Priya Sharma
KF-10078,2025-02-13,CUST-1012,MedCore Facilities,Oil & Gas,Saudi Arabia,Middle East,Fire Suppression,Water Mist System,Process Area,OEM Partner,15,8349.12,7,116470.22,90398.53,26071.69,Delivered,45.0,Active,No,Unknown,5.0,James Anderson
KF-10079,2026-07-02,CUST-1131,Summit Energy Services,Oil & Gas,France,Europe,Fire Detection,Heat Detector,Process Area,System Integrator,4,5355.33,5,20350.25,14515.57,5834.68,In Transit,41.0,Not Applicable,No,Unknown,0.0,David Miller
KF-10080,2026-01-01,CUST-1105,NextGrid Energy,Manufacturing,Canada,North America,Fire Detection,Addressable Fire Alarm Panel,Production Floor,Distributor,12,4154.46,10,44868.17,32794.31,12073.86,Delivered,24.0,Active,No,Unknown,4.0,James Anderson
KF-10081,2025-06-13,CUST-1100,MedCore Facilities,BESS,Netherlands,Europe,Gas Ignition Controls,Flame Detector,Battery Energy Storage Room,Distributor,6,2518.68,5,14356.48,9649.32,4707.16,In Transit,19.0,Active,No,Unknown,0.0,Priya Sharma
KF-10082,2026-01-12,CUST-1193,Eastern Process Solutions,Oil & Gas,Germany,Europe,Fire Detection,Addressable Fire Alarm Panel,Process Area,OEM Partner,13,5134.23,7,62072.84,45873.64,16199.2,Delivered,29.0,Not Applicable,No,Unknown,5.0,Ananya Rao
KF-10083,2024-05-12,CUST-1107,Prime Commercial Group,Power Generation,France,Europe,Fire Suppression,CO2 Suppression System,Turbine Hall,System Integrator,3,21917.05,7,61148.57,37605.24,23543.33,Delivered,16.0,Expired,Yes,Commissioning,4.0,James Anderson
KF-10084,2024-01-20,CUST-1069,Apex Data Infrastructure,Manufacturing,UK,Europe,Temperature Controls,Temperature Controller,Production Floor,Direct,6,1602.08,0,9612.48,6800.64,2811.84,Delivered,5.0,Active,No,Unknown,5.0,David Miller
KF-10085,2025-03-02,CUST-1178,Summit Energy Services,Healthcare,Canada,North America,Fire Suppression,FM-200 Suppression System,Critical Care Area,OEM Partner,27,38460.9,7,965753.2,619061.22,346691.98,Delivered,42.0,Active,Yes,Replacement,3.0,Robert Taylor
KF-10086,2025-02-17,CUST-1219,Eastern Process Solutions,Commercial,USA,North America,Fire Detection,Manual Call Point,Commercial Building,Direct,6,5217.69,10,28175.53,22729.41,5446.12,Delivered,21.0,Expired,No,Unknown,5.0,Emily Davis
KF-10087,2025-08-07,CUST-1245,BlueWave Engineering,Oil & Gas,UAE,Middle East,Fire Detection,Manual Call Point,Process Area,System Integrator,21,1678.66,15,29964.08,17725.88,12238.2,Cancelled,0.0,Not Applicable,No,Unknown,0.0,Priya Sharma
KF-10088,2026-04-01,CUST-1199,Prime Commercial Group,Marine,Singapore,Asia Pacific,Fire Detection,Smoke Detector,Engine Room,System Integrator,6,3724.27,10,20111.06,13477.65,6633.41,In Transit,25.0,Active,No,Unknown,0.0,Priya Sharma
KF-10089,2026-03-04,CUST-1221,Summit Energy Services,Marine,uk,Europe,Fire Detection,Addressable Fire Alarm Panel,Engine Room,Direct,12,6851.4,5,78105.96,52420.7,25685.26,On Hold,0.0,Expired,No,Unknown,0.0,Priya Sharma
KF-10090,2024-01-21,CUST-1203,Oceanic Marine Ltd,BESS,Canada,North America,Fire Suppression,Water Mist System,Battery Energy Storage Room,System Integrator,15,33165.57,7,462659.7,326219.59,136440.11,Delivered,20.0,Active,No,Unknown,3.0,Priya Sharma
KF-10091,2024-04-15,CUST-1090,BlueWave Engineering,Commercial,Saudi Arabia,Middle East,Fire Detection,Smoke Detector,Commercial Building,Distributor,4,704.35,7,2620.18,1885.02,735.16,In Transit,22.0,Active,No,Unknown,0.0,David Miller
KF-10092,2026-04-01,CUST-1137,Summit Energy Services,Manufacturing,Canada,North America,Fire Detection,Addressable Fire Alarm Panel,Production Floor,Direct,7,2946.7,5,19595.55,11774.76,7820.79,Delivered,17.0,Active,No,Unknown,0.0,Robert Taylor
KF-10093,2024-06-15,CUST-1069,Apex Data Infrastructure,Healthcare,Singapore,Asia Pacific,Fire Suppression,FM-200 Suppression System,Critical Care Area,System Integrator,24,21906.17,10,473173.27,371101.19,102072.08,In Transit,22.0,Expired,Yes,Breakdown Support,0.0,Priya Sharma
KF-10094,2025-03-16,CUST-1042,Vertex Industrial,Healthcare,UAE,Middle East,Fire Suppression,FM-200 Suppression System,Critical Care Area,Direct,5,6343.17,3,30764.37,22509.79,8254.58,Delivered,0.0,Active,No,Unknown,5.0,Robert Taylor
KF-10095,2025-11-06,CUST-1013,Apex Data Infrastructure,Marine,Australia,Asia Pacific,Gas Ignition Controls,Flame Detector,Engine Room,OEM Partner,4,11567.77,3,44882.95,32983.11,11899.84,Delivered,12.0,Active,No,Unknown,4.0,Sarah Wilson
KF-10096,2025-12-27,CUST-1008,Vertex Industrial,Healthcare,Japan,Asia Pacific,Fire Detection,Addressable Fire Alarm Panel,Critical Care Area,OEM Partner,6,1947.45,5,11100.46,8221.85,2878.61,Delivered,42.0,Active,No,Unknown,4.0,Sarah Wilson
KF-10097,2026-06-26,CUST-1023,Oceanic Marine Ltd,Data Center,UAE,Middle East,Fire Suppression,CO2 Suppression System,Server Room,OEM Partner,23,7761.52,10,160663.46,106586.9,54076.56,On Hold,0.0,Active,No,Unknown,0.0,Emily Davis
KF-10098,2026-02-22,CUST-1105,Prime Commercial Group,Data Center,Saudi Arabia,Middle East,Temperature Controls,High Temperature Switch,Server Room,Distributor,30,4368.85,10,117958.95,72031.78,45927.17,Delivered,0.0,Active,Yes,Breakdown Support,4.0,David Miller
KF-10099,2024-11-11,CUST-1042,Vertex Industrial,Oil & Gas,USA,North America,Fire Detection,Manual Call Point,Process Area,Distributor,23,1823.52,10,37746.86,27098.51,10648.35,Cancelled,0.0,Active,No,Unknown,0.0,James Anderson
KF-10100,2026-07-19,CUST-1054,Apex Data Infrastructure,Oil & Gas,Netherlands,Europe,Fire Suppression,FM-200 Suppression System,Process Area,OEM Partner,3,33948.5,0,101845.5,62829.49,39016.01,Delivered,24.0,Active,No,Unknown,4.0,Robert Taylor
KF-10101,2025-06-20,CUST-1078,NextGrid Energy,Commercial,Germany,Europe,Gas Ignition Controls,Flame Detector,Commercial Building,Distributor,20,7722.21,5,146721.99,87499.32,59222.67,Delivered,16.0,Not Applicable,No,Unknown,4.0,James Anderson
KF-10102,2025-10-03,CUST-1099,Prime Commercial Group,Oil & Gas,Canada,North America,Fire Detection,Heat Detector,Process Area,Direct,2,4969.37,10,8944.87,6175.11,2769.76,Delivered,35.0,Expired,No,Unknown,3.0,Priya Sharma
KF-10103,2025-02-23,CUST-1227,MedCore Facilities,BESS,France,Europe,Fire Detection,Manual Call Point,Battery Energy Storage Room,System Integrator,1,5884.07,3,5707.55,3548.39,2159.16,Delivered,43.0,Expired,No,Unknown,4.0,Priya Sharma
KF-10104,2025-04-15,CUST-1237,Prime Commercial Group,Commercial,France,Europe,Temperature Controls,Thermal Sensor,Commercial Building,Direct,30,6422.7,10,173412.9,124807.97,48604.93,Delivered,43.0,Active,No,Unknown,5.0,Sarah Wilson
KF-10105,2025-06-29,CUST-1166,Summit Energy Services,Data Center,Canada,North America,Fire Suppression,CO2 Suppression System,Server Room,Direct,28,9469.81,3,257200.04,157027.81,100172.23,Delivered,22.0,Active,No,Unknown,4.0,Sarah Wilson
KF-10106,2026-02-27,CUST-1214,Eastern Process Solutions,Data Center,UAE,Middle East,Fire Detection,Manual Call Point,Server Room,Direct,9,911.49,0,8203.41,6533.38,1670.03,Processing,0.0,Active,No,Unknown,0.0,Robert Taylor
KF-10107,2025-03-10,CUST-1159,NextGrid Energy,Commercial,UAE,Middle East,Fire Suppression,CO2 Suppression System,Commercial Building,System Integrator,12,28853.15,10,311614.02,230023.66,81590.36,Delivered,28.0,Active,No,Unknown,4.0,Priya Sharma
KF-10108,2025-01-02,CUST-1153,BlueWave Engineering,Marine,Australia,Asia Pacific,Temperature Controls,Temperature Controller,Engine Room,Distributor,26,7848.23,3,197932.36,115795.73,82136.63,On Hold,0.0,Active,No,Unknown,0.0,Robert Taylor
KF-10109,2026-05-08,CUST-1095,Global Power Systems,Oil & Gas,USA,North America,Fire Detection,Manual Call Point,Process Area,System Integrator,9,2771.67,5,23697.78,14456.97,9240.81,On Hold,0.0,Active,No,Unknown,0.0,Sarah Wilson
KF-10110,2024-06-20,CUST-1241,BlueWave Engineering,Data Center,Netherlands,Europe,Fire Suppression,Clean Agent System,Server Room,System Integrator,8,24769.74,5,188250.02,151126.4,37123.62,Delivered,25.0,Active,No,Unknown,5.0,Sarah Wilson
KF-10111,2025-06-17,CUST-1095,Oceanic Marine Ltd,Oil & Gas,Singapore,Asia Pacific,Fire Suppression,Water Mist System,Process Area,System Integrator,8,32423.56,7,241231.29,196922.1,44309.19,Delivered,17.0,Active,Yes,Commissioning,5.0,Ananya Rao
KF-10112,2024-10-07,CUST-1144,Eastern Process Solutions,Data Center,Germany,Europe,Fire Suppression,Clean Agent System,Server Room,Direct,24,13031.08,0,312745.92,224714.66,88031.26,Processing,0.0,Active,No,Unknown,0.0,Priya Sharma
KF-10113,2026-07-25,CUST-1012,Apex Data Infrastructure,Healthcare,India,Asia Pacific,Fire Detection,Heat Detector,Critical Care Area,Distributor,10,4129.42,7,38403.61,24007.09,14396.52,Delivered,13.0,Active,Yes,Breakdown Support,5.0,Emily Davis
KF-10114,2024-01-20,CUST-1054,Eastern Process Solutions,Healthcare,India,Asia Pacific,Fire Suppression,CO2 Suppression System,Critical Care Area,System Integrator,19,30534.6,5,551149.53,379007.1,172142.43,Processing,0.0,Active,Yes,Replacement,0.0,James Anderson
KF-10115,2025-11-28,CUST-1147,Oceanic Marine Ltd,Commercial,Canada,North America,Fire Suppression,Clean Agent System,Commercial Building,Direct,20,33667.96,10,606023.28,366639.82,239383.46,Delivered,8.0,Active,No,Unknown,4.0,Robert Taylor
KF-10116,2024-07-01,CUST-1113,BlueWave Engineering,Oil & Gas,Canada,North America,Fire Suppression,Water Mist System,Process Area,OEM Partner,26,18968.26,5,468516.02,288319.42,180196.6,Processing,0.0,Active,No,Unknown,0.0,Emily Davis
KF-10117,2026-04-16,CUST-1118,Vertex Industrial,Healthcare,India,Asia Pacific,Fire Suppression,Water Mist System,Critical Care Area,Direct,15,32575.89,10,439774.52,355370.82,84403.7,Delivered,14.0,Active,Yes,Preventive Maintenance,4.0,David Miller
KF-10118,2025-08-04,CUST-1024,BlueWave Engineering,Oil & Gas,USA,North America,Fire Detection,Heat Detector,Process Area,OEM Partner,26,5421.86,5,133919.94,93196.56,40723.38,In Transit,43.0,Not Applicable,No,Unknown,0.0,Emily Davis
KF-10119,2024-08-07,CUST-1223,Summit Energy Services,Data Center,Canada,North America,Fire Suppression,Water Mist System,Server Room,Direct,20,31787.85,0,635757.0,411795.64,223961.36,Delivered,32.0,Expired,No,Unknown,4.0,James Anderson
KF-10120,2025-11-02,CUST-1149,Summit Energy Services,Marine,USA,North America,Fire Suppression,Water Mist System,Engine Room,Distributor,20,22319.74,5,424075.06,337546.79,86528.27,In Transit,24.0,Active,No,Unknown,0.0,Priya Sharma
KF-10121,2025-01-18,CUST-1196,Summit Energy Services,Commercial,Singapore,Asia Pacific,Temperature Controls,Thermal Sensor,Commercial Building,Direct,18,2554.39,5,43680.07,35524.18,8155.89,On Hold,0.0,Active,Yes,Replacement,0.0,Robert Taylor
KF-10122,2024-07-16,CUST-1066,Summit Energy Services,Commercial,India,Asia Pacific,Fire Suppression,Clean Agent System,Commercial Building,Distributor,2,30672.86,7,57051.52,34208.89,22842.63,Processing,0.0,Active,Yes,Preventive Maintenance,0.0,Ananya Rao
KF-10123,2024-10-03,CUST-1213,Vertex Industrial,Healthcare,UK,Europe,Temperature Controls,Temperature Controller,Critical Care Area,OEM Partner,6,1439.03,5,8202.47,5426.32,2776.15,Delivered,8.0,Expired,No,Unknown,3.0,Priya Sharma
KF-10124,2024-08-14,CUST-1051,Eastern Process Solutions,BESS,usa,North America,Fire Suppression,FM-200 Suppression System,Battery Energy Storage Room,OEM Partner,26,34663.3,12,793096.3,562534.03,230562.27,Delivered,27.0,Expired,No,Unknown,0.0,Sarah Wilson
KF-10125,2024-09-24,CUST-1040,Vertex Industrial,Commercial,Canada,North America,Temperature Controls,High Temperature Switch,Commercial Building,Direct,8,6987.92,3,54226.26,40507.87,13718.39,Delivered,20.0,Not Applicable,No,Unknown,4.0,Priya Sharma
KF-10126,2025-06-07,CUST-1109,MedCore Facilities,BESS,Canada,North America,Fire Suppression,Water Mist System,Battery Energy Storage Room,Direct,16,31812.85,0,509005.6,403020.42,105985.18,Processing,0.0,Active,No,Unknown,0.0,James Anderson
KF-10127,2025-01-16,CUST-1178,Vertex Industrial,Power Generation,Singapore,Asia Pacific,Fire Detection,Smoke Detector,Turbine Hall,System Integrator,27,511.8,7,12851.3,10199.59,2651.71,Delivered,39.0,Active,No,Unknown,5.0,Priya Sharma
KF-10128,2026-01-29,CUST-1082,Summit Energy Services,Commercial,France,Europe,Gas Ignition Controls,Gas Ignition Controller,Commercial Building,System Integrator,24,1758.05,3,40927.4,30731.7,10195.7,Delivered,37.0,Active,Yes,Preventive Maintenance,5.0,Michael Brown
KF-10129,2024-09-04,CUST-1247,MedCore Facilities,BESS,Netherlands,Europe,Fire Suppression,Clean Agent System,Battery Energy Storage Room,OEM Partner,11,14048.47,0,154533.17,101308.96,53224.21,Delivered,43.0,Active,No,Unknown,5.0,Robert Taylor
KF-10130,2026-05-16,CUST-1151,Global Power Systems,Manufacturing,Germany,Europe,Fire Suppression,FM-200 Suppression System,Production Floor,OEM Partner,21,37754.16,12,697696.88,532939.63,164757.25,Delivered,19.0,Active,No,Unknown,5.0,Emily Davis
KF-10131,2024-06-02,CUST-1110,Oceanic Marine Ltd,Marine,Netherlands,Europe,Fire Suppression,FM-200 Suppression System,Engine Room,System Integrator,19,11204.81,0,212891.39,161281.62,51609.77,On Hold,0.0,Active,No,Unknown,0.0,Sarah Wilson
KF-10132,2025-03-12,CUST-1089,Prime Commercial Group,Oil & Gas,Japan,Asia Pacific,Fire Detection,Heat Detector,Process Area,System Integrator,9,3239.84,5,27700.63,17518.61,10182.02,Delivered,44.0,Active,Yes,Preventive Maintenance,4.0,Michael Brown
KF-10133,2025-04-21,CUST-1011,Global Power Systems,BESS,Canada,North America,Fire Suppression,CO2 Suppression System,Battery Energy Storage Room,Direct,28,22291.93,3,605448.82,362635.14,242813.68,Processing,0.0,Active,No,Unknown,0.0,Robert Taylor
KF-10134,2024-10-27,CUST-1047,BlueWave Engineering,BESS,Japan,Asia Pacific,Temperature Controls,Temperature Controller,Battery Energy Storage Room,System Integrator,1,4668.47,12,4108.25,2946.54,1161.71,In Transit,44.0,Active,No,Unknown,0.0,Sarah Wilson
KF-10135,2026-07-29,CUST-1091,MedCore Facilities,Oil & Gas,Canada,North America,Fire Suppression,CO2 Suppression System,Process Area,Direct,20,25829.76,0,516595.2,347298.03,169297.17,On Hold,0.0,Active,No,Unknown,0.0,Michael Brown
KF-10136,2024-04-02,CUST-1056,Apex Data Infrastructure,Power Generation,Canada,North America,Fire Detection,Addressable Fire Alarm Panel,Turbine Hall,Direct,17,4791.91,5,77389.35,62930.53,14458.82,Delivered,39.0,Active,No,Unknown,4.0,James Anderson
KF-10137,2026-04-01,CUST-1017,Eastern Process Solutions,Marine,Canada,North America,Fire Detection,Manual Call Point,Engine Room,Direct,20,5287.46,3,102576.72,69263.01,33313.71,On Hold,0.0,Active,Yes,Preventive Maintenance,0.0,David Miller
KF-10138,2024-01-19,CUST-1161,Summit Energy Services,Healthcare,UAE,Middle East,Gas Ignition Controls,Gas Ignition Controller,Critical Care Area,System Integrator,11,2894.3,3,30882.18,20801.29,10080.89,Delivered,12.0,Expired,No,Unknown,5.0,Priya Sharma
KF-10139,2025-11-03,CUST-1113,Apex Data Infrastructure,Manufacturing,Japan,Asia Pacific,Gas Ignition Controls,Flame Detector,Production Floor,OEM Partner,30,5212.71,7,145434.61,88348.19,57086.42,Delivered,22.0,Active,No,Unknown,4.0,Sarah Wilson
KF-10140,2025-12-13,CUST-1117,Global Power Systems,Commercial,UK,Europe,Gas Ignition Controls,Ignition Module,Commercial Building,Direct,9,11817.22,5,101037.23,61969.08,39068.15,In Transit,32.0,Active,No,Unknown,0.0,Emily Davis
KF-10141,2025-07-27,CUST-1021,Vertex Industrial,Data Center,Singapore,Asia Pacific,Fire Detection,Addressable Fire Alarm Panel,Server Room,System Integrator,30,4249.03,5,121097.36,96688.05,24409.31,Delivered,35.0,Active,No,Unknown,2.0,Sarah Wilson
KF-10142,2024-02-10,CUST-1100,Apex Data Infrastructure,Oil & Gas,UK,Europe,Fire Detection,Addressable Fire Alarm Panel,Process Area,OEM Partner,26,5377.73,5,132829.93,95507.9,37322.03,Delivered,44.0,Not Applicable,Yes,Inspection,4.0,Robert Taylor
KF-10143,2025-03-02,CUST-1069,Eastern Process Solutions,Commercial,Netherlands,Europe,Fire Suppression,Water Mist System,Commercial Building,Distributor,24,29764.93,7,664353.24,486875.63,177477.61,Delivered,31.0,Active,No,Unknown,5.0,Ananya Rao
KF-10144,2026-02-10,CUST-1245,Summit Energy Services,BESS,Canada,North America,Fire Suppression,CO2 Suppression System,Battery Energy Storage Room,Direct,17,13284.95,5,214551.94,174079.76,40472.18,Delivered,31.0,Active,Yes,Inspection,3.0,Sarah Wilson
KF-10145,2025-05-14,CUST-1049,Global Power Systems,Manufacturing,Canada,North America,Fire Suppression,CO2 Suppression System,Production Floor,Direct,6,6629.63,5,37788.89,30634.41,7154.48,Delivered,36.0,Active,No,Unknown,3.0,Emily Davis
KF-10146,2025-05-13,CUST-1179,Apex Data Infrastructure,Power Generation,USA,North America,Fire Suppression,FM-200 Suppression System,Turbine Hall,System Integrator,13,5166.78,15,57092.92,40755.79,16337.13,Delivered,28.0,Not Applicable,Yes,Breakdown Support,4.0,Priya Sharma
KF-10147,2024-03-04,CUST-1140,Vertex Industrial,Marine,Germany,Europe,Fire Suppression,FM-200 Suppression System,Engine Room,Direct,5,23611.91,7,109795.38,87580.07,22215.31,In Transit,38.0,Expired,No,Unknown,0.0,Emily Davis
KF-10148,2026-05-13,CUST-1143,BlueWave Engineering,BESS,Japan,Asia Pacific,Fire Detection,Manual Call Point,Battery Energy Storage Room,System Integrator,9,819.64,15,6270.25,4364.21,1906.04,Delivered,40.0,Active,No,Unknown,5.0,Sarah Wilson
KF-10149,2026-04-19,CUST-1096,Eastern Process Solutions,BESS,India,Asia Pacific,Gas Ignition Controls,Flame Detector,Battery Energy Storage Room,System Integrator,19,4427.52,5,79916.74,65457.36,14459.38,Cancelled,0.0,Active,No,Unknown,0.0,Robert Taylor
KF-10150,2025-07-19,CUST-1184,BlueWave Engineering,Oil & Gas,UAE,Middle East,Fire Detection,Heat Detector,Process Area,Distributor,29,2633.64,7,71029.27,53516.98,17512.29,Delivered,25.0,Active,No,Unknown,4.0,Robert Taylor
KF-10151,2024-05-20,CUST-1127,Apex Data Infrastructure,Healthcare,Saudi Arabia,Middle East,Fire Suppression,Clean Agent System,Critical Care Area,OEM Partner,7,15654.79,7,101912.68,60797.75,41114.93,Processing,0.0,Expired,No,Unknown,0.0,David Miller
KF-10152,2025-11-15,CUST-1168,Apex Data Infrastructure,Oil & Gas,Japan,Asia Pacific,Fire Suppression,FM-200 Suppression System,Process Area,System Integrator,14,6924.26,0,96939.64,75029.0,21910.64,In Transit,23.0,Active,No,Unknown,0.0,Sarah Wilson
KF-10153,2025-09-23,CUST-1145,BlueWave Engineering,Power Generation,Japan,Asia Pacific,Fire Suppression,FM-200 Suppression System,Turbine Hall,Distributor,26,17128.3,5,423069.01,275081.0,147988.01,Delivered,31.0,Active,No,Unknown,5.0,James Anderson
KF-10154,2025-07-19,CUST-1053,Eastern Process Solutions,Data Center,USA,North America,Fire Suppression,Clean Agent System,Server Room,System Integrator,22,17394.24,5,363539.62,282522.52,81017.1,Delivered,36.0,Active,No,Unknown,3.0,Emily Davis
KF-10155,2025-07-14,CUST-1214,Vertex Industrial,Healthcare,Japan,Asia Pacific,Fire Detection,Heat Detector,Critical Care Area,Direct,18,1421.14,10,23022.47,14853.44,8169.03,Delivered,35.0,Active,No,Unknown,5.0,Robert Taylor
KF-10156,2025-11-04,CUST-1198,Eastern Process Solutions,BESS,Japan,Asia Pacific,Fire Detection,Addressable Fire Alarm Panel,Battery Energy Storage Room,OEM Partner,25,6862.51,3,166415.87,119086.57,47329.3,Delivered,40.0,Not Applicable,No,Unknown,4.0,David Miller
KF-10157,2024-01-13,CUST-1094,BlueWave Engineering,Data Center,Canada,North America,Fire Detection,Addressable Fire Alarm Panel,Server Room,Direct,28,2036.47,3,55310.53,41545.46,13765.07,Delivered,28.0,Expired,No,Unknown,5.0,Priya Sharma
KF-10158,2024-08-14,CUST-1031,Global Power Systems,Commercial,Japan,Asia Pacific,Gas Ignition Controls,Gas Ignition Controller,Commercial Building,OEM Partner,22,10500.22,5,219454.6,138285.33,81169.27,Delivered,11.0,Expired,No,Unknown,5.0,Michael Brown
KF-10159,2024-09-30,CUST-1232,Vertex Industrial,Data Center,Australia,Asia Pacific,Temperature Controls,Thermal Sensor,Server Room,Distributor,4,1846.37,3,7163.92,5275.46,1888.46,Processing,0.0,Not Applicable,Yes,Commissioning,0.0,Michael Brown
KF-10160,2025-11-07,CUST-1142,Summit Energy Services,Data Center,Saudi Arabia,Middle East,Fire Detection,Addressable Fire Alarm Panel,Server Room,System Integrator,17,4315.27,10,66023.63,38526.53,27497.1,Cancelled,0.0,Expired,No,Unknown,0.0,Michael Brown
KF-10161,2024-04-28,CUST-1186,Vertex Industrial,BESS,Singapore,Asia Pacific,Fire Suppression,FM-200 Suppression System,Battery Energy Storage Room,Direct,24,30810.24,5,702473.47,535955.06,166518.41,Processing,0.0,Expired,No,Unknown,0.0,Sarah Wilson
KF-10162,2024-01-12,CUST-1160,Eastern Process Solutions,Oil & Gas,Singapore,Asia Pacific,Fire Suppression,Clean Agent System,Process Area,Direct,7,24849.61,3,168728.85,123854.8,44874.05,Delivered,40.0,Active,No,Unknown,5.0,Robert Taylor
KF-10163,2025-04-15,CUST-1133,Eastern Process Solutions,BESS,Japan,Asia Pacific,Fire Detection,Heat Detector,Battery Energy Storage Room,OEM Partner,8,426.97,5,3244.97,2464.19,780.78,In Transit,8.0,Not Applicable,No,Unknown,0.0,Priya Sharma
KF-10164,2024-12-04,CUST-1235,Apex Data Infrastructure,Data Center,France,Europe,Fire Suppression,FM-200 Suppression System,Server Room,Direct,17,20683.07,10,316450.97,207476.42,108974.55,Delivered,12.0,Active,No,Unknown,5.0,Robert Taylor
KF-10165,2024-09-04,CUST-1021,Prime Commercial Group,Manufacturing,Saudi Arabia,Middle East,Temperature Controls,High Temperature Switch,Production Floor,Distributor,9,4010.72,5,34291.66,21784.13,12507.53,Delivered,42.0,Active,No,Unknown,4.0,Emily Davis
KF-10166,2025-09-11,CUST-1011,Vertex Industrial,Oil & Gas,Saudi Arabia,Middle East,Fire Suppression,FM-200 Suppression System,Process Area,Direct,13,7540.75,5,93128.26,74078.12,19050.14,Processing,0.0,Not Applicable,No,Unknown,0.0,Ananya Rao
KF-10167,2025-01-24,CUST-1245,Global Power Systems,Power Generation,Japan,Asia Pacific,Gas Ignition Controls,Ignition Module,Turbine Hall,Distributor,30,7916.58,3,230372.48,134336.44,96036.04,Delivered,33.0,Not Applicable,No,Unknown,5.0,Robert Taylor
KF-10168,2024-04-02,CUST-1156,Summit Energy Services,BESS,Germany,Europe,Fire Suppression,Water Mist System,Battery Energy Storage Room,System Integrator,15,31063.76,15,396062.94,302298.59,93764.35,Delivered,13.0,Expired,No,Unknown,4.0,David Miller
KF-10169,2024-09-21,CUST-1071,Apex Data Infrastructure,Manufacturing,Canada,North America,Fire Detection,Smoke Detector,Production Floor,System Integrator,8,1217.13,7,9055.45,5509.7,3545.75,Delivered,31.0,Not Applicable,No,Unknown,4.0,Priya Sharma
KF-10170,2024-03-22,CUST-1116,MedCore Facilities,Manufacturing,Canada,North America,Gas Ignition Controls,Gas Ignition Controller,Production Floor,Distributor,27,6393.83,5,164001.74,117707.64,46294.1,In Transit,5.0,Active,No,Unknown,0.0,David Miller
KF-10171,2025-10-22,CUST-1149,NextGrid Energy,Data Center,USA,North America,Fire Detection,Addressable Fire Alarm Panel,Server Room,System Integrator,22,2671.8,7,54665.03,39096.32,15568.71,Delivered,30.0,Expired,Yes,Breakdown Support,5.0,Sarah Wilson
KF-10172,2026-06-08,CUST-1024,Eastern Process Solutions,Healthcare,Saudi Arabia,Middle East,Fire Detection,Addressable Fire Alarm Panel,Critical Care Area,System Integrator,9,1490.36,7,12474.31,8325.92,4148.39,On Hold,0.0,Active,No,Unknown,0.0,James Anderson
KF-10173,2026-05-12,CUST-1101,BlueWave Engineering,BESS,India,Asia Pacific,Temperature Controls,Thermal Sensor,Battery Energy Storage Room,Distributor,3,2898.1,5,8259.58,6636.1,1623.48,Delivered,45.0,Active,No,Unknown,4.0,Ananya Rao
KF-10174,2026-06-27,CUST-1206,BlueWave Engineering,Marine,Canada,North America,Fire Detection,Manual Call Point,Engine Room,Distributor,19,640.01,7,11308.98,7688.14,3620.84,Delivered,34.0,Active,No,Unknown,5.0,Ananya Rao
KF-10175,2024-07-20,CUST-1010,Vertex Industrial,Healthcare,Saudi Arabia,Middle East,Fire Suppression,Water Mist System,Critical Care Area,Direct,22,31835.1,0,700372.2,497740.0,202632.2,Delivered,38.0,Expired,No,Unknown,5.0,Michael Brown
KF-10176,2024-04-13,CUST-1167,BlueWave Engineering,Commercial,Japan,Asia Pacific,Fire Suppression,CO2 Suppression System,Commercial Building,Direct,5,10230.82,12,45015.61,35049.22,9966.39,Delivered,43.0,Active,No,Unknown,5.0,Sarah Wilson
KF-10177,2024-07-01,CUST-1083,NextGrid Energy,Oil & Gas,India,Asia Pacific,Fire Detection,Smoke Detector,Process Area,System Integrator,20,1700.04,10,30600.72,21876.38,8724.34,Delivered,21.0,Active,Yes,Commissioning,4.0,Ananya Rao
KF-10178,2024-07-11,CUST-1080,Summit Energy Services,Manufacturing,India,Asia Pacific,Gas Ignition Controls,Gas Ignition Controller,Production Floor,Direct,4,6423.86,15,21841.12,12938.69,8902.43,Delivered,20.0,Not Applicable,Yes,Inspection,5.0,Priya Sharma
KF-10179,2025-08-17,CUST-1012,Prime Commercial Group,Oil & Gas,Japan,Asia Pacific,Fire Detection,Manual Call Point,Process Area,System Integrator,19,4556.53,12,76185.18,59741.62,16443.56,In Transit,20.0,Active,No,Unknown,0.0,James Anderson
KF-10180,2025-03-25,CUST-1079,Global Power Systems,Data Center,UK,Europe,Gas Ignition Controls,Gas Ignition Controller,Server Room,Distributor,28,1259.23,7,32790.35,21634.73,11155.62,Delivered,43.0,Not Applicable,No,Unknown,5.0,Robert Taylor
KF-10181,2025-06-01,CUST-1169,Apex Data Infrastructure,Commercial,Germany,Europe,Fire Suppression,Water Mist System,Commercial Building,System Integrator,24,23692.07,5,540179.2,336557.31,203621.89,Delivered,32.0,Active,No,Unknown,5.0,Michael Brown
KF-10182,2025-10-30,CUST-1148,Oceanic Marine Ltd,Data Center,France,Europe,Fire Suppression,FM-200 Suppression System,Server Room,oem partner,3,12144.31,7,33882.62,20277.9,13604.72,On Hold,0.0,Active,No,Unknown,0.0,David Miller
KF-10183,2025-05-22,CUST-1059,Vertex Industrial,Marine,Singapore,Asia Pacific,Fire Suppression,FM-200 Suppression System,Engine Room,System Integrator,6,6637.08,5,37831.36,24403.61,13427.75,Delivered,8.0,Not Applicable,Yes,Breakdown Support,4.0,Ananya Rao
KF-10184,2026-06-15,CUST-1176,Vertex Industrial,Oil & Gas,Canada,North America,Fire Suppression,FM-200 Suppression System,Process Area,Direct,25,14091.23,3,341712.33,235118.93,106593.4,Delivered,13.0,Expired,No,Unknown,5.0,Sarah Wilson
KF-10185,2026-05-09,CUST-1168,MedCore Facilities,Marine,Canada,North America,Fire Detection,Manual Call Point,Engine Room,Direct,21,5940.83,5,118519.56,97079.72,21439.84,In Transit,45.0,Active,No,Unknown,0.0,James Anderson
KF-10186,2026-04-09,CUST-1247,Summit Energy Services,Data Center,Saudi Arabia,Middle East,Gas Ignition Controls,Ignition Module,Server Room,Distributor,25,7036.29,5,167111.89,113961.15,53150.74,In Transit,15.0,Active,No,Unknown,0.0,Emily Davis
KF-10187,2025-05-04,CUST-1097,Vertex Industrial,Healthcare,Netherlands,Europe,Gas Ignition Controls,Gas Ignition Controller,Critical Care Area,Direct,14,2401.04,7,31261.54,18645.32,12616.22,Delivered,10.0,Expired,No,Unknown,5.0,Michael Brown
KF-10188,2024-04-01,CUST-1214,MedCore Facilities,Power Generation,USA,North America,Fire Suppression,Clean Agent System,Turbine Hall,Direct,11,14081.2,7,144050.68,115918.64,28132.04,Delivered,26.0,Expired,No,Unknown,3.0,David Miller
KF-10189,2025-10-06,CUST-1195,NextGrid Energy,Manufacturing,Netherlands,Europe,Fire Detection,Addressable Fire Alarm Panel,Production Floor,System Integrator,3,5133.15,3,14937.47,9238.99,5698.48,Processing,0.0,Not Applicable,No,Unknown,0.0,David Miller
KF-10190,2026-01-18,CUST-1177,Summit Energy Services,Marine,India,Asia Pacific,Fire Detection,Manual Call Point,Engine Room,Distributor,24,5526.96,0,132647.04,104715.9,27931.14,Delivered,36.0,Expired,No,Unknown,4.0,Robert Taylor
KF-10191,2024-03-16,CUST-1214,BlueWave Engineering,Oil & Gas,USA,North America,Fire Detection,Addressable Fire Alarm Panel,Process Area,Direct,19,2479.14,10,42393.29,33586.1,8807.19,Cancelled,0.0,Expired,No,Unknown,0.0,Robert Taylor
KF-10192,2025-08-28,CUST-1243,Summit Energy Services,Healthcare,India,Asia Pacific,Temperature Controls,Temperature Controller,Critical Care Area,Distributor,23,4483.06,7,95892.65,73785.92,22106.73,Delivered,37.0,Active,No,Unknown,5.0,Robert Taylor
KF-10193,2024-12-28,CUST-1175,Summit Energy Services,BESS,Canada,North America,Fire Detection,Smoke Detector,Battery Energy Storage Room,Direct,11,2462.75,10,24381.22,17487.65,6893.57,Delivered,37.0,Active,No,Unknown,5.0,James Anderson
KF-10194,2025-10-01,CUST-1049,Oceanic Marine Ltd,Power Generation,France,Europe,Fire Suppression,Clean Agent System,Turbine Hall,System Integrator,29,5507.28,0,159711.12,105557.8,54153.32,On Hold,0.0,Active,Yes,Breakdown Support,0.0,Sarah Wilson
KF-10195,2024-05-23,CUST-1086,BlueWave Engineering,Data Center,UK,Europe,Temperature Controls,Thermal Sensor,Server Room,System Integrator,11,9256.08,3,98762.37,74221.29,24541.08,Delivered,32.0,Expired,No,Unknown,4.0,Priya Sharma
KF-10196,2025-10-19,CUST-1239,BlueWave Engineering,Marine,UK,Europe,Fire Suppression,Clean Agent System,Engine Room,OEM Partner,19,22937.66,5,414024.76,304501.06,109523.7,Cancelled,0.0,Active,Yes,Commissioning,0.0,Priya Sharma
KF-10197,2026-04-30,CUST-1116,Summit Energy Services,Power Generation,Japan,Asia Pacific,Fire Suppression,Clean Agent System,Turbine Hall,System Integrator,2,33978.92,7,63200.79,41527.91,21672.88,Delivered,18.0,Active,Yes,Commissioning,4.0,David Miller
KF-10198,2024-07-19,CUST-1224,Summit Energy Services,Healthcare,Saudi Arabia,Middle East,Fire Detection,Smoke Detector,Critical Care Area,OEM Partner,17,851.85,0,14481.45,10418.59,4062.86,In Transit,41.0,Active,No,Unknown,0.0,Michael Brown
KF-10199,2026-06-17,CUST-1170,Summit Energy Services,Marine,USA,North America,Fire Suppression,Clean Agent System,Engine Room,Direct,7,30792.67,3,209082.23,134225.66,74856.57,Delivered,30.0,Not Applicable,No,Unknown,4.0,James Anderson
KF-10200,2025-12-30,CUST-1062,Apex Data Infrastructure,Data Center,Japan,Asia Pacific,Fire Detection,Heat Detector,Server Room,OEM Partner,8,1301.63,10,9371.74,6690.51,2681.23,In Transit,16.0,Active,No,Unknown,0.0,Emily Davis
KF-10201,2026-06-21,CUST-1119,Vertex Industrial,Oil & Gas,Australia,Asia Pacific,Fire Suppression,CO2 Suppression System,Process Area,OEM Partner,29,20335.89,5,560253.77,412979.96,147273.81,Delivered,43.0,Expired,No,Unknown,4.0,Priya Sharma
KF-10202,2026-04-07,CUST-1157,MedCore Facilities,Healthcare,Japan,Asia Pacific,Fire Suppression,Water Mist System,Critical Care Area,OEM Partner,1,11762.65,12,10351.13,8051.51,2299.62,Delivered,10.0,Active,No,Unknown,4.0,James Anderson
KF-10203,2025-04-02,CUST-1035,NextGrid Energy,Oil & Gas,Singapore,Asia Pacific,Temperature Controls,High Temperature Switch,Process Area,System Integrator,29,3372.0,10,88009.2,68083.88,19925.32,Delivered,31.0,Active,Yes,Replacement,4.0,David Miller
KF-10204,2025-11-25,CUST-1208,Prime Commercial Group,BESS,Singapore,Asia Pacific,Fire Suppression,CO2 Suppression System,Battery Energy Storage Room,Direct,16,22507.36,7,334909.52,219080.87,115828.65,Processing,0.0,Active,No,Unknown,0.0,James Anderson
KF-10205,2026-07-08,CUST-1051,Prime Commercial Group,Manufacturing,India,Asia Pacific,Fire Detection,Addressable Fire Alarm Panel,Production Floor,OEM Partner,19,2971.98,3,54773.59,39614.69,15158.9,Delivered,38.0,Active,No,Unknown,3.0,Sarah Wilson
KF-10206,2024-03-15,CUST-1182,Summit Energy Services,Data Center,India,Asia Pacific,Fire Suppression,FM-200 Suppression System,Server Room,Distributor,14,25524.99,10,321614.87,195032.14,126582.73,Delivered,9.0,Active,No,Unknown,5.0,David Miller
KF-10207,2025-03-09,CUST-1012,Eastern Process Solutions,Healthcare,Australia,Asia Pacific,Fire Suppression,CO2 Suppression System,Critical Care Area,Distributor,12,15138.64,12,159864.04,95046.39,64817.65,Processing,0.0,Active,No,Unknown,0.0,Priya Sharma
KF-10208,2026-05-25,CUST-1128,NextGrid Energy,Oil & Gas,UAE,Middle East,Fire Suppression,FM-200 Suppression System,Process Area,OEM Partner,13,22526.41,12,257702.13,185536.72,72165.41,Delivered,26.0,Expired,Yes,Breakdown Support,2.0,Robert Taylor
KF-10209,2026-07-19,CUST-1008,Prime Commercial Group,Commercial,Saudi Arabia,Middle East,Fire Suppression,Water Mist System,Commercial Building,Distributor,27,28660.63,5,735145.16,567997.91,167147.25,Delivered,41.0,Not Applicable,No,Unknown,5.0,Emily Davis
KF-10210,2024-12-29,CUST-1015,Prime Commercial Group,Data Center,France,Europe,Fire Suppression,Water Mist System,Server Room,OEM Partner,17,11012.01,5,177843.96,106181.45,71662.51,Delivered,24.0,Active,No,Unknown,2.0,David Miller
KF-10211,2025-02-23,CUST-1223,Global Power Systems,Healthcare,UAE,Middle East,Gas Ignition Controls,Ignition Module,Critical Care Area,OEM Partner,11,1865.47,10,18468.15,12331.98,6136.17,In Transit,36.0,Not Applicable,Yes,Commissioning,0.0,Emily Davis
KF-10212,2024-05-07,CUST-1223,Summit Energy Services,Power Generation,UAE,Middle East,Fire Detection,Smoke Detector,Turbine Hall,Direct,23,4090.26,5,89372.18,68578.26,20793.92,Delivered,39.0,Active,Yes,Preventive Maintenance,4.0,Robert Taylor
KF-10213,2026-04-10,CUST-1219,Prime Commercial Group,Commercial,Canada,North America,Fire Suppression,FM-200 Suppression System,Commercial Building,Distributor,25,23978.57,10,539517.83,353562.28,185955.55,Delivered,17.0,Not Applicable,No,Unknown,4.0,James Anderson
KF-10214,2024-08-11,CUST-1077,BlueWave Engineering,Marine,Australia,Asia Pacific,Fire Suppression,FM-200 Suppression System,Engine Room,OEM Partner,28,4864.4,7,126668.98,86119.06,40549.92,Delivered,17.0,Not Applicable,No,Unknown,4.0,Sarah Wilson
KF-10215,2025-02-15,CUST-1247,Eastern Process Solutions,Healthcare,Saudi Arabia,Middle East,Fire Detection,Heat Detector,Critical Care Area,Distributor,25,3276.22,3,79448.33,51393.09,28055.24,Delivered,38.0,Not Applicable,No,Unknown,4.0,Michael Brown
KF-10216,2026-07-25,CUST-1013,Summit Energy Services,Healthcare,Japan,Asia Pacific,Temperature Controls,Temperature Controller,Critical Care Area,Distributor,27,7273.06,3,190481.44,141235.04,49246.4,Delivered,25.0,Not Applicable,No,Unknown,4.0,Michael Brown
KF-10217,2024-11-23,CUST-1156,Summit Energy Services,Data Center,India,Asia Pacific,Fire Detection,Manual Call Point,Server Room,Direct,1,1112.75,12,979.22,789.96,189.26,Delivered,30.0,Expired,No,Unknown,1.0,Ananya Rao
KF-10218,2025-08-28,CUST-1202,Prime Commercial Group,Oil & Gas,Singapore,Asia Pacific,Fire Suppression,Clean Agent System,Process Area,System Integrator,7,12656.18,5,84163.6,62437.26,21726.34,Delivered,21.0,Active,No,Unknown,5.0,Ananya Rao
KF-10219,2026-06-22,CUST-1139,MedCore Facilities,Oil & Gas,USA,North America,Gas Ignition Controls,Gas Ignition Controller,Process Area,System Integrator,15,4788.21,0,71823.15,54147.73,17675.42,Delivered,16.0,Active,No,Unknown,4.0,Robert Taylor
KF-10220,2024-08-14,CUST-1083,MedCore Facilities,Commercial,Japan,Asia Pacific,Fire Suppression,Clean Agent System,Commercial Building,OEM Partner,8,16074.39,5,122165.36,73422.81,48742.55,Delivered,28.0,Active,No,Unknown,5.0,David Miller
KF-10221,2024-02-27,CUST-1083,Summit Energy Services,Power Generation,Australia,Asia Pacific,Fire Detection,Manual Call Point,Turbine Hall,OEM Partner,6,3731.6,5,21270.12,13774.27,7495.85,Delivered,36.0,Active,No,Unknown,4.0,David Miller
KF-10222,2025-05-06,CUST-1237,BlueWave Engineering,Power Generation,Canada,North America,Fire Suppression,Clean Agent System,Turbine Hall,System Integrator,18,14999.07,5,256484.1,205923.73,50560.37,Delivered,20.0,Expired,No,Unknown,4.0,Sarah Wilson
KF-10223,2024-04-22,CUST-1215,Global Power Systems,Data Center,Canada,North America,Fire Suppression,FM-200 Suppression System,Server Room,OEM Partner,26,15842.85,0,411914.1,331989.54,79924.56,Delivered,16.0,Not Applicable,No,Unknown,5.0,Priya Sharma
KF-10224,2025-12-26,CUST-1110,NextGrid Energy,Data Center,UAE,Middle East,Fire Detection,Manual Call Point,Server Room,System Integrator,22,3865.24,5,80783.52,62964.92,17818.6,Delivered,37.0,Active,No,Unknown,5.0,Emily Davis
KF-10225,2026-01-08,CUST-1180,Apex Data Infrastructure,Oil & Gas,Japan,Asia Pacific,Fire Detection,Addressable Fire Alarm Panel,Process Area,OEM Partner,17,4717.81,7,74588.58,45156.28,29432.3,Delivered,27.0,Expired,No,Unknown,4.0,Robert Taylor
KF-10226,2024-12-25,CUST-1205,Eastern Process Solutions,Commercial,Canada,North America,Fire Detection,Addressable Fire Alarm Panel,Commercial Building,System Integrator,23,6168.91,12,124858.74,95896.51,28962.23,Delivered,34.0,Not Applicable,No,Unknown,5.0,Ananya Rao
KF-10227,2025-07-05,CUST-1182,Summit Energy Services,Data Center,Saudi Arabia,Middle East,Fire Suppression,FM-200 Suppression System,Server Room,Direct,7,25098.15,7,163388.96,112722.53,50666.43,On Hold,0.0,Active,Yes,Breakdown Support,0.0,Robert Taylor
KF-10228,2024-06-11,CUST-1241,Prime Commercial Group,Manufacturing,Singapore,Asia Pacific,Gas Ignition Controls,Flame Detector,Production Floor,OEM Partner,17,11139.69,5,179905.99,143761.83,36144.16,Delivered,12.0,Expired,No,Unknown,4.0,David Miller
KF-10229,2024-05-25,CUST-1143,Oceanic Marine Ltd,Manufacturing,USA,North America,Gas Ignition Controls,Gas Ignition Controller,Production Floor,System Integrator,25,2189.23,3,53088.83,39155.05,13933.78,Delivered,18.0,Expired,No,Unknown,3.0,David Miller
KF-10230,2024-12-28,CUST-1198,Eastern Process Solutions,BESS,USA,North America,Fire Detection,Heat Detector,Battery Energy Storage Room,OEM Partner,4,2149.94,7,7997.78,5355.55,2642.23,On Hold,0.0,Active,No,Unknown,0.0,Emily Davis
KF-10231,2026-02-09,CUST-1194,Eastern Process Solutions,Healthcare,USA,North America,Fire Suppression,Water Mist System,Critical Care Area,System Integrator,27,9385.0,5,240725.25,180646.86,60078.39,Delivered,28.0,Not Applicable,No,Unknown,4.0,Ananya Rao
KF-10232,2025-09-01,CUST-1134,Eastern Process Solutions,Healthcare,France,Europe,Fire Suppression,Clean Agent System,Critical Care Area,Distributor,3,13363.63,10,36081.8,24375.95,11705.85,Processing,0.0,Active,No,Unknown,0.0,James Anderson
KF-10233,2025-09-15,CUST-1043,Apex Data Infrastructure,Healthcare,Netherlands,Europe,Temperature Controls,Thermal Sensor,Critical Care Area,OEM Partner,10,2208.24,5,20978.28,15052.55,5925.73,Cancelled,0.0,Active,No,Unknown,0.0,Priya Sharma
KF-10234,2026-02-01,CUST-1014,Apex Data Infrastructure,Healthcare,UK,Europe,Temperature Controls,High Temperature Switch,Critical Care Area,Distributor,22,8401.45,10,166348.71,107099.1,59249.61,Processing,0.0,Not Applicable,No,Unknown,0.0,Michael Brown
KF-10235,2025-08-08,CUST-1119,BlueWave Engineering,Commercial,UK,Europe,Fire Detection,Heat Detector,Commercial Building,Direct,15,5071.62,7,70749.1,48543.83,22205.27,Cancelled,0.0,Active,No,Unknown,0.0,Emily Davis
KF-10236,2024-09-14,CUST-1016,Apex Data Infrastructure,Marine,Canada,North America,Fire Detection,Heat Detector,Engine Room,System Integrator,11,1825.4,3,19477.02,12605.03,6871.99,On Hold,0.0,Active,Yes,Inspection,0.0,Sarah Wilson
KF-10237,2026-01-27,CUST-1111,MedCore Facilities,Data Center,UAE,Middle East,Fire Suppression,FM-200 Suppression System,Server Room,Distributor,12,32239.32,5,367528.25,263110.39,104417.86,Delivered,31.0,Expired,No,Unknown,5.0,Robert Taylor
KF-10238,2026-05-10,CUST-1202,MedCore Facilities,Data Center,Canada,North America,Fire Suppression,CO2 Suppression System,Server Room,Direct,29,29283.36,0,849217.44,584273.55,264943.89,In Transit,41.0,Active,No,Unknown,0.0,Priya Sharma
KF-10239,2024-10-11,CUST-1146,Prime Commercial Group,BESS,UK,Europe,Temperature Controls,Temperature Controller,Battery Energy Storage Room,Distributor,15,5004.49,5,71313.98,56950.82,14363.16,Delivered,10.0,Active,No,Unknown,3.0,Priya Sharma
KF-10240,2026-07-03,CUST-1132,Global Power Systems,Marine,Australia,Asia Pacific,Fire Suppression,Clean Agent System,Engine Room,Distributor,30,11185.9,5,318798.15,194245.87,124552.28,In Transit,19.0,Expired,No,Unknown,0.0,James Anderson
KF-10241,2025-05-04,CUST-1189,Oceanic Marine Ltd,Power Generation,Canada,North America,Fire Suppression,FM-200 Suppression System,Turbine Hall,System Integrator,4,16747.38,5,63640.04,38702.51,24937.53,Processing,0.0,Expired,No,Unknown,0.0,James Anderson
KF-10242,2026-06-25,CUST-1209,Apex Data Infrastructure,Power Generation,Australia,Asia Pacific,Fire Suppression,FM-200 Suppression System,Turbine Hall,System Integrator,28,19500.95,5,518725.27,335586.79,183138.48,Delivered,8.0,Active,No,Unknown,4.0,Priya Sharma
KF-10243,2025-05-07,CUST-1144,Global Power Systems,Manufacturing,USA,North America,Fire Detection,Smoke Detector,Production Floor,OEM Partner,2,5576.82,15,9480.59,7031.96,2448.63,Delivered,7.0,Expired,No,Unknown,4.0,Emily Davis
KF-10244,2025-02-24,CUST-1027,BlueWave Engineering,Commercial,Germany,Europe,Fire Detection,Manual Call Point,Commercial Building,oem partner,10,732.04,10,6588.36,4167.08,2421.28,In Transit,26.0,Active,No,Unknown,0.0,Sarah Wilson
KF-10245,2024-11-16,CUST-1159,BlueWave Engineering,BESS,USA,North America,Gas Ignition Controls,Gas Ignition Controller,Battery Energy Storage Room,Distributor,26,11521.75,0,299565.5,219141.17,80424.33,In Transit,40.0,Active,No,Unknown,0.0,Sarah Wilson
KF-10246,2024-05-07,CUST-1173,NextGrid Energy,Commercial,Canada,North America,Fire Suppression,Water Mist System,Commercial Building,Distributor,7,30017.15,7,195411.65,129329.3,66082.35,Cancelled,0.0,Active,No,Unknown,0.0,Emily Davis
KF-10247,2025-02-03,CUST-1237,MedCore Facilities,Healthcare,India,Asia Pacific,Gas Ignition Controls,Gas Ignition Controller,Critical Care Area,Distributor,1,9300.02,3,9021.02,6869.69,2151.33,Delivered,8.0,Active,Yes,Commissioning,4.0,James Anderson
KF-10248,2026-04-26,CUST-1220,Oceanic Marine Ltd,Data Center,Netherlands,Europe,Temperature Controls,High Temperature Switch,Server Room,Distributor,22,2857.45,10,56577.51,43403.83,13173.68,Cancelled,0.0,Active,No,Unknown,0.0,Emily Davis
KF-10249,2025-05-22,CUST-1075,MedCore Facilities,BESS,Canada,North America,Gas Ignition Controls,Ignition Module,Battery Energy Storage Room,System Integrator,3,11332.65,5,32298.05,23439.1,8858.95,Delivered,12.0,Active,No,Unknown,2.0,Emily Davis
KF-10250,2026-07-13,CUST-1161,Oceanic Marine Ltd,Marine,UK,Europe,Fire Detection,Manual Call Point,Engine Room,OEM Partner,20,1797.56,5,34153.64,23110.02,11043.62,Cancelled,0.0,Active,No,Unknown,0.0,David Miller
KF-10251,2026-06-27,CUST-1043,Oceanic Marine Ltd,BESS,Japan,Asia Pacific,Fire Suppression,Clean Agent System,Battery Energy Storage Room,OEM Partner,9,21920.09,0,197280.81,151370.31,45910.5,Delivered,26.0,Active,No,Unknown,5.0,Priya Sharma
KF-10252,2025-03-14,CUST-1019,Vertex Industrial,Manufacturing,Singapore,Asia Pacific,Fire Detection,Smoke Detector,Production Floor,Distributor,11,1299.81,15,12153.22,8431.9,3721.32,Delivered,30.0,Active,No,Unknown,4.0,Priya Sharma
KF-10253,2026-06-26,CUST-1046,Prime Commercial Group,Healthcare,Germany,Europe,Fire Detection,Heat Detector,Critical Care Area,OEM Partner,8,1576.42,12,11098.0,9091.21,2006.79,In Transit,16.0,Active,No,Unknown,0.0,Ananya Rao
KF-10254,2024-08-02,CUST-1057,Summit Energy Services,Data Center,USA,North America,Temperature Controls,Thermal Sensor,Server Room,Direct,20,6733.8,5,127942.2,85568.5,42373.7,Processing,0.0,Active,No,Unknown,0.0,Emily Davis
KF-10255,2024-08-04,CUST-1081,Global Power Systems,Marine,UK,Europe,Fire Suppression,FM-200 Suppression System,Engine Room,Direct,30,5212.33,5,148551.4,90265.04,58286.36,Delivered,42.0,Active,No,Unknown,5.0,Michael Brown
KF-10256,2025-10-05,CUST-1035,Eastern Process Solutions,Power Generation,USA,North America,Fire Suppression,Clean Agent System,Turbine Hall,Direct,6,17032.07,7,95038.95,55991.31,39047.64,Delivered,30.0,Active,Yes,Breakdown Support,5.0,Ananya Rao
KF-10257,2024-01-31,CUST-1176,MedCore Facilities,Marine,Singapore,Asia Pacific,Fire Suppression,CO2 Suppression System,Engine Room,Direct,14,23532.57,7,306394.06,241679.06,64715.0,In Transit,21.0,Active,No,Unknown,0.0,Priya Sharma
KF-10258,2024-03-30,CUST-1146,Prime Commercial Group,BESS,Canada,North America,Fire Suppression,Water Mist System,Battery Energy Storage Room,Distributor,30,21872.72,5,623372.52,509332.68,114039.84,Delivered,10.0,Active,No,Unknown,4.0,Michael Brown
KF-10259,2024-04-26,CUST-1210,Vertex Industrial,Oil & Gas,Saudi Arabia,Middle East,Temperature Controls,Thermal Sensor,Process Area,Direct,27,1778.45,3,46577.61,33352.1,13225.51,Delivered,43.0,Active,Yes,Inspection,0.0,Sarah Wilson
KF-10260,2025-03-01,CUST-1144,MedCore Facilities,BESS,France,Europe,Fire Detection,Heat Detector,Battery Energy Storage Room,OEM Partner,27,4646.58,3,121693.93,97901.64,23792.29,Processing,0.0,Active,No,Unknown,0.0,Ananya Rao
KF-10261,2026-07-13,CUST-1006,Vertex Industrial,Commercial,USA,North America,Fire Suppression,FM-200 Suppression System,Commercial Building,Direct,22,30014.58,7,614098.31,411270.2,202828.11,Delivered,7.0,Active,No,Unknown,4.0,James Anderson
KF-10262,2024-01-09,CUST-1226,BlueWave Engineering,BESS,Netherlands,Europe,Fire Detection,Smoke Detector,Battery Energy Storage Room,Distributor,15,6509.24,7,90803.9,74341.12,16462.78,Delivered,17.0,Active,No,Unknown,5.0,Ananya Rao
KF-10263,2025-05-08,CUST-1018,Global Power Systems,Healthcare,Netherlands,Europe,Fire Detection,Heat Detector,Critical Care Area,System Integrator,14,6897.26,15,82077.39,63294.49,18782.9,Delivered,45.0,Active,Yes,Replacement,5.0,Priya Sharma
KF-10264,2026-06-22,CUST-1025,NextGrid Energy,Healthcare,Canada,North America,Fire Suppression,CO2 Suppression System,Critical Care Area,Distributor,15,30551.87,0,458278.05,371027.82,87250.23,Delivered,28.0,Active,No,Unknown,3.0,Sarah Wilson
KF-10265,2024-02-04,CUST-1233,Apex Data Infrastructure,Power Generation,Singapore,Asia Pacific,Fire Suppression,Clean Agent System,Turbine Hall,System Integrator,15,9393.96,5,133863.93,102778.34,31085.59,Delivered,30.0,Not Applicable,No,Unknown,3.0,David Miller
KF-10266,2024-09-09,CUST-1038,MedCore Facilities,Power Generation,UAE,Middle East,Fire Detection,Heat Detector,Turbine Hall,OEM Partner,12,4997.32,10,53971.06,41719.62,12251.44,Delivered,41.0,Expired,Yes,Inspection,4.0,Emily Davis
KF-10267,2024-03-05,CUST-1235,Apex Data Infrastructure,Commercial,Canada,North America,Fire Suppression,Water Mist System,Commercial Building,System Integrator,14,16411.02,12,202183.77,165379.83,36803.94,Delivered,27.0,Active,No,Unknown,4.0,Robert Taylor
KF-10268,2025-10-07,CUST-1177,MedCore Facilities,Commercial,USA,North America,Fire Detection,Heat Detector,Commercial Building,OEM Partner,12,5769.11,10,62306.39,44569.9,17736.49,Delivered,35.0,Active,No,Unknown,3.0,James Anderson
KF-10269,2024-03-15,CUST-1225,Eastern Process Solutions,Power Generation,Saudi Arabia,Middle East,Fire Suppression,Clean Agent System,Turbine Hall,System Integrator,25,16581.61,3,402104.04,242032.1,160071.94,In Transit,44.0,Active,No,Unknown,0.0,Sarah Wilson
KF-10270,2026-06-30,CUST-1182,Oceanic Marine Ltd,Marine,Japan,Asia Pacific,Fire Suppression,Clean Agent System,Engine Room,Direct,30,28148.81,3,819130.37,590709.7,228420.67,In Transit,23.0,Expired,No,Unknown,0.0,Michael Brown
KF-10271,2024-02-17,CUST-1188,Eastern Process Solutions,Healthcare,UK,Europe,Fire Detection,Manual Call Point,Critical Care Area,OEM Partner,23,6042.22,5,132022.51,96072.91,35949.6,Delivered,35.0,Active,No,Unknown,3.0,James Anderson
KF-10272,2024-09-17,CUST-1109,Summit Energy Services,Data Center,Australia,Asia Pacific,Fire Suppression,Water Mist System,Server Room,Direct,13,11107.16,7,134285.56,100671.69,33613.87,Delivered,22.0,Not Applicable,No,Unknown,1.0,Robert Taylor
KF-10273,2025-10-14,CUST-1246,Eastern Process Solutions,Healthcare,USA,North America,Fire Detection,Smoke Detector,Critical Care Area,OEM Partner,9,6006.17,0,54055.53,34069.55,19985.98,In Transit,14.0,Not Applicable,Yes,Breakdown Support,0.0,Robert Taylor
KF-10274,2024-07-27,CUST-1070,Oceanic Marine Ltd,Commercial,Japan,Asia Pacific,Fire Suppression,CO2 Suppression System,Commercial Building,Distributor,14,25350.81,15,301674.64,203465.45,98209.19,Delivered,29.0,Expired,No,Unknown,3.0,David Miller
KF-10275,2024-11-19,CUST-1014,Apex Data Infrastructure,Marine,Germany,Europe,Fire Detection,Addressable Fire Alarm Panel,Engine Room,System Integrator,22,1994.28,10,39486.74,31519.13,7967.61,Processing,0.0,Active,No,Unknown,0.0,Emily Davis
KF-10276,2024-09-29,CUST-1006,Eastern Process Solutions,Healthcare,Singapore,Asia Pacific,Fire Detection,Addressable Fire Alarm Panel,Critical Care Area,Distributor,15,4933.5,7,68822.32,47938.55,20883.77,Delivered,17.0,Not Applicable,No,Unknown,4.0,Robert Taylor
KF-10277,2024-03-18,CUST-1179,NextGrid Energy,Oil & Gas,Saudi Arabia,Middle East,Fire Detection,Addressable Fire Alarm Panel,Process Area,OEM Partner,24,2570.23,10,55516.97,43677.44,11839.53,Delivered,25.0,Expired,No,Unknown,5.0,Ananya Rao
KF-10278,2024-01-01,CUST-1042,Prime Commercial Group,Commercial,Australia,Asia Pacific,Fire Detection,Addressable Fire Alarm Panel,Commercial Building,Direct,8,1679.45,5,12763.82,10036.49,2727.33,Delivered,42.0,Active,No,Unknown,5.0,Sarah Wilson
KF-10279,2025-03-22,CUST-1116,MedCore Facilities,Data Center,UK,Europe,Fire Suppression,CO2 Suppression System,Server Room,Distributor,3,24559.21,0,73677.63,57566.17,16111.46,In Transit,35.0,Active,No,Unknown,0.0,Sarah Wilson
KF-10280,2026-05-15,CUST-1241,Apex Data Infrastructure,Marine,Germany,Europe,Fire Detection,Smoke Detector,Engine Room,Distributor,15,5269.12,7,73504.22,57865.19,15639.03,Processing,0.0,Active,Yes,Commissioning,0.0,Emily Davis
KF-10281,2024-11-05,CUST-1085,Prime Commercial Group,Power Generation,Canada,North America,Fire Detection,Smoke Detector,Turbine Hall,Distributor,22,2300.34,3,49089.26,40049.84,9039.42,Delivered,41.0,Expired,No,Unknown,4.0,David Miller
KF-10282,2025-08-15,CUST-1016,Oceanic Marine Ltd,Marine,Saudi Arabia,Middle East,Fire Suppression,Clean Agent System,Engine Room,Direct,17,15442.18,7,244140.87,185333.95,58806.92,On Hold,0.0,Active,No,Unknown,0.0,James Anderson
KF-10283,2026-05-27,CUST-1001,Eastern Process Solutions,Data Center,USA,North America,Gas Ignition Controls,Flame Detector,Server Room,OEM Partner,11,9871.12,3,105324.85,64130.96,41193.89,Cancelled,0.0,Expired,No,Unknown,0.0,Priya Sharma
KF-10284,2026-05-23,CUST-1171,MedCore Facilities,Data Center,USA,North America,Fire Suppression,Water Mist System,Server Room,Direct,28,7038.51,3,191165.93,113345.97,77819.96,Delivered,17.0,Active,No,Unknown,5.0,Sarah Wilson
KF-10285,2025-08-04,CUST-1029,Prime Commercial Group,Oil & Gas,Saudi Arabia,Middle East,Gas Ignition Controls,Ignition Module,Process Area,Distributor,26,12397.69,5,306222.94,218944.21,87278.73,Delivered,5.0,Not Applicable,No,Unknown,0.0,Emily Davis
KF-10286,2025-01-03,CUST-1099,Vertex Industrial,Healthcare,UAE,Middle East,Fire Suppression,CO2 Suppression System,Critical Care Area,System Integrator,19,22546.6,15,364127.59,294337.17,69790.42,Delivered,11.0,Active,No,Unknown,4.0,Priya Sharma
KF-10287,2024-04-19,CUST-1057,Global Power Systems,Data Center,Australia,Asia Pacific,Fire Detection,Smoke Detector,Server Room,System Integrator,30,2347.61,5,66906.88,41444.05,25462.83,Cancelled,0.0,Expired,No,Unknown,0.0,Sarah Wilson
KF-10288,2026-04-27,CUST-1023,MedCore Facilities,Commercial,Canada,North America,Gas Ignition Controls,Flame Detector,Commercial Building,OEM Partner,1,10310.52,10,9279.47,5411.55,3867.92,Delivered,40.0,Not Applicable,No,Unknown,5.0,James Anderson
KF-10289,2025-10-13,CUST-1182,Prime Commercial Group,BESS,USA,North America,Gas Ignition Controls,Gas Ignition Controller,Battery Energy Storage Room,Distributor,14,4199.86,3,57034.1,39201.15,17832.95,Processing,0.0,Expired,No,Unknown,0.0,Emily Davis
KF-10290,2025-12-04,CUST-1087,Vertex Industrial,Manufacturing,Singapore,Asia Pacific,Fire Suppression,CO2 Suppression System,Production Floor,System Integrator,26,8811.71,0,229104.46,142728.13,86376.33,Delivered,9.0,Active,No,Unknown,3.0,Ananya Rao
KF-10291,2025-08-16,CUST-1180,Vertex Industrial,Manufacturing,Singapore,Asia Pacific,Temperature Controls,Temperature Controller,Production Floor,System Integrator,29,7919.44,12,202104.11,147557.02,54547.09,On Hold,0.0,Expired,No,Unknown,0.0,Sarah Wilson
KF-10292,2025-07-06,CUST-1186,Global Power Systems,Oil & Gas,Canada,North America,Fire Suppression,Clean Agent System,Process Area,System Integrator,28,14929.78,7,388771.47,281558.76,107212.71,Delivered,31.0,Expired,No,Unknown,4.0,Priya Sharma
KF-10293,2024-06-14,CUST-1229,BlueWave Engineering,BESS,UK,Europe,Fire Detection,Heat Detector,Battery Energy Storage Room,Distributor,22,2507.84,7,51310.41,32725.42,18584.99,Delivered,28.0,Active,No,Unknown,2.0,Ananya Rao
KF-10294,2024-05-31,CUST-1017,BlueWave Engineering,Data Center,Germany,Europe,Temperature Controls,High Temperature Switch,Server Room,Distributor,21,5386.8,7,105204.2,83350.65,21853.55,Delivered,21.0,Active,Yes,Replacement,4.0,Michael Brown
KF-10295,2025-06-21,CUST-1131,Global Power Systems,Marine,Canada,North America,Gas Ignition Controls,Ignition Module,Engine Room,Direct,12,8730.42,12,92193.24,55399.49,36793.75,Delivered,30.0,Active,No,Unknown,0.0,Sarah Wilson
KF-10296,2026-02-13,CUST-1049,BlueWave Engineering,Healthcare,Japan,Asia Pacific,Temperature Controls,High Temperature Switch,Critical Care Area,Distributor,3,5312.74,10,14344.4,11559.26,2785.14,Delivered,40.0,Expired,No,Unknown,4.0,Emily Davis
KF-10297,2025-06-21,CUST-1203,Global Power Systems,BESS,Singapore,Asia Pacific,Fire Suppression,CO2 Suppression System,Battery Energy Storage Room,Distributor,6,9579.67,3,55753.68,36243.16,19510.52,Delivered,24.0,Active,No,Unknown,5.0,Priya Sharma
KF-10298,2026-01-15,CUST-1048,Global Power Systems,Commercial,Netherlands,Europe,Gas Ignition Controls,Gas Ignition Controller,Commercial Building,OEM Partner,14,12046.17,5,160214.06,94992.15,65221.91,On Hold,0.0,Active,No,Unknown,0.0,Priya Sharma
KF-10299,2024-12-21,CUST-1232,MedCore Facilities,Power Generation,Australia,Asia Pacific,Fire Suppression,Water Mist System,Turbine Hall,OEM Partner,4,8881.77,5,33750.73,23603.27,10147.46,Delivered,16.0,Expired,No,Unknown,4.0,Ananya Rao
KF-10300,2025-11-23,CUST-1072,Prime Commercial Group,Commercial,Japan,Asia Pacific,Gas Ignition Controls,Ignition Module,Commercial Building,Direct,16,7618.46,10,109705.82,83109.65,26596.17,Delivered,19.0,Active,No,Unknown,4.0,David Miller
KF-10301,2026-07-01,CUST-1141,Unknown Customer,Manufacturing,Singapore,Asia Pacific,Fire Suppression,CO2 Suppression System,Production Floor,Distributor,14,14786.55,7,192520.88,149626.07,42894.81,Delivered,35.0,Active,No,Unknown,4.0,James Anderson
KF-10302,2026-06-13,CUST-1010,Prime Commercial Group,Power Generation,Japan,Asia Pacific,Fire Suppression,CO2 Suppression System,Turbine Hall,OEM Partner,12,12817.99,7,143048.77,104369.97,38678.8,Delivered,6.0,Active,No,Unknown,4.0,Ananya Rao
KF-10303,2026-05-04,CUST-1086,Summit Energy Services,Oil & Gas,USA,North America,Fire Suppression,Clean Agent System,Process Area,System Integrator,16,26632.5,0,426120.0,338517.03,87602.97,Delivered,5.0,Expired,No,Unknown,5.0,Emily Davis
KF-10304,2026-01-01,CUST-1180,Summit Energy Services,Healthcare,USA,North America,Fire Suppression,FM-200 Suppression System,Critical Care Area,OEM Partner,19,20576.7,5,371409.44,253671.12,117738.32,Delivered,36.0,Expired,Yes,Breakdown Support,4.0,Sarah Wilson
KF-10305,2025-06-13,CUST-1246,Global Power Systems,BESS,Australia,Asia Pacific,Temperature Controls,High Temperature Switch,Battery Energy Storage Room,Distributor,8,4804.31,5,36512.76,28573.37,7939.39,Delivered,41.0,Active,No,Unknown,4.0,Emily Davis
KF-10306,2026-03-18,CUST-1054,Apex Data Infrastructure,Power Generation,UK,Europe,Gas Ignition Controls,Gas Ignition Controller,Turbine Hall,OEM Partner,23,1591.53,10,32944.67,23858.2,9086.47,Delivered,23.0,Expired,No,Unknown,3.0,Ananya Rao
KF-10307,2024-09-06,CUST-1082,Prime Commercial Group,Healthcare,UK,Europe,Fire Suppression,Clean Agent System,Critical Care Area,Distributor,5,26535.29,10,119408.8,85283.24,34125.56,Processing,0.0,Not Applicable,No,Unknown,0.0,Priya Sharma
KF-10308,2025-05-31,CUST-1248,MedCore Facilities,Healthcare,USA,North America,Fire Suppression,FM-200 Suppression System,Critical Care Area,OEM Partner,12,31330.72,5,357170.21,282579.16,74591.05,Delivered,17.0,Active,No,Unknown,5.0,Priya Sharma
KF-10309,2025-05-10,CUST-1222,NextGrid Energy,Commercial,Australia,Asia Pacific,Fire Suppression,Water Mist System,Commercial Building,OEM Partner,6,36443.21,0,218659.26,143939.21,74720.05,Delivered,31.0,Expired,No,Unknown,5.0,Ananya Rao
KF-10310,2024-10-10,CUST-1077,MedCore Facilities,Power Generation,Singapore,Asia Pacific,Fire Detection,Manual Call Point,Turbine Hall,Distributor,5,518.3,5,2461.92,1802.85,659.07,Processing,0.0,Active,No,Unknown,0.0,James Anderson
KF-10311,2025-10-16,CUST-1051,Summit Energy Services,BESS,Singapore,Asia Pacific,Fire Detection,Smoke Detector,Battery Energy Storage Room,OEM Partner,21,897.95,15,16028.41,9421.31,6607.1,Processing,0.0,Active,No,Unknown,0.0,Emily Davis
KF-10312,2026-07-19,CUST-1173,Global Power Systems,Data Center,Saudi Arabia,Middle East,Fire Detection,Manual Call Point,Server Room,System Integrator,23,3297.22,10,68252.45,42545.7,25706.75,Delivered,38.0,Expired,No,Unknown,4.0,Priya Sharma
KF-10313,2026-07-23,CUST-1199,MedCore Facilities,Power Generation,Canada,North America,Fire Detection,Smoke Detector,Turbine Hall,Distributor,1,2890.25,7,2687.93,2129.49,558.44,Delivered,42.0,Expired,Yes,Inspection,4.0,Michael Brown
KF-10314,2024-03-20,CUST-1236,NextGrid Energy,Manufacturing,Australia,Asia Pacific,Temperature Controls,Temperature Controller,Production Floor,System Integrator,15,1819.21,12,24013.57,18061.63,5951.94,Delivered,17.0,Not Applicable,No,Unknown,4.0,Emily Davis
KF-10315,2024-09-02,CUST-1145,Global Power Systems,BESS,Singapore,Asia Pacific,Gas Ignition Controls,Ignition Module,Battery Energy Storage Room,Direct,17,3296.0,12,49308.16,31210.64,18097.52,Delivered,19.0,Expired,No,Unknown,4.0,James Anderson
KF-10316,2025-05-21,CUST-1042,BlueWave Engineering,BESS,India,Asia Pacific,Fire Detection,Smoke Detector,Battery Energy Storage Room,Direct,4,5547.2,0,22188.8,13270.51,8918.29,On Hold,0.0,Active,No,Unknown,0.0,Robert Taylor
KF-10317,2024-03-09,CUST-1147,NextGrid Energy,BESS,Saudi Arabia,Middle East,Fire Detection,Heat Detector,Battery Energy Storage Room,Distributor,19,1386.95,0,26352.05,15422.36,10929.69,Delivered,35.0,Active,No,Unknown,4.0,Michael Brown
KF-10318,2025-06-16,CUST-1116,NextGrid Energy,Marine,Canada,North America,Gas Ignition Controls,Gas Ignition Controller,Engine Room,Distributor,17,8344.37,12,124831.78,82463.37,42368.41,On Hold,0.0,Active,No,Unknown,0.0,Emily Davis
KF-10319,2024-08-14,CUST-1212,NextGrid Energy,Manufacturing,UAE,Middle East,Fire Detection,Smoke Detector,Production Floor,OEM Partner,6,5845.16,7,32615.99,25340.73,7275.26,Delivered,7.0,Expired,No,Unknown,2.0,James Anderson
KF-10320,2026-06-21,CUST-1100,Oceanic Marine Ltd,Oil & Gas,Saudi Arabia,Middle East,Gas Ignition Controls,Ignition Module,Process Area,Direct,19,3108.53,10,53155.86,42929.13,10226.73,Delivered,24.0,Expired,Yes,Breakdown Support,4.0,James Anderson
KF-10321,2024-07-14,CUST-1017,Eastern Process Solutions,Data Center,UAE,Middle East,Gas Ignition Controls,Ignition Module,Server Room,System Integrator,7,5780.41,5,38439.73,27860.31,10579.42,Delivered,18.0,Active,Yes,Inspection,4.0,David Miller
KF-10322,2025-10-21,CUST-1112,Global Power Systems,Data Center,USA,North America,Fire Detection,Manual Call Point,Server Room,System Integrator,15,2259.54,10,30503.79,20166.53,10337.26,Delivered,5.0,Active,Yes,Commissioning,4.0,Robert Taylor
KF-10323,2025-12-13,CUST-1167,NextGrid Energy,Manufacturing,Saudi Arabia,Middle East,Gas Ignition Controls,Flame Detector,Production Floor,OEM Partner,30,2448.74,3,71258.33,51269.78,19988.55,Delivered,39.0,Active,No,Unknown,5.0,Michael Brown
KF-10324,2025-11-27,CUST-1146,Global Power Systems,Manufacturing,Saudi Arabia,Middle East,Fire Suppression,FM-200 Suppression System,Production Floor,Distributor,23,4929.28,5,107704.77,71605.75,36099.02,Delivered,9.0,Expired,Yes,Commissioning,5.0,Robert Taylor
KF-10325,2025-04-30,CUST-1015,Vertex Industrial,Oil & Gas,Singapore,Asia Pacific,Temperature Controls,Temperature Controller,Process Area,Distributor,9,7486.89,7,62665.27,37309.82,25355.45,On Hold,0.0,Active,No,Unknown,0.0,James Anderson
KF-10326,2024-05-17,CUST-1137,Oceanic Marine Ltd,Power Generation,France,Europe,Gas Ignition Controls,Flame Detector,Turbine Hall,Direct,19,9625.67,3,177401.1,140261.49,37139.61,Delivered,21.0,Active,No,Unknown,5.0,Ananya Rao
KF-10327,2025-04-05,CUST-1017,NextGrid Energy,BESS,Saudi Arabia,Middle East,Gas Ignition Controls,Ignition Module,Battery Energy Storage Room,OEM Partner,25,9600.74,3,232817.94,159185.88,73632.06,Cancelled,0.0,Expired,No,Unknown,0.0,Michael Brown
KF-10328,2025-03-19,CUST-1057,Prime Commercial Group,BESS,USA,North America,Gas Ignition Controls,Gas Ignition Controller,Battery Energy Storage Room,Direct,2,12044.59,3,23366.5,18387.82,4978.68,Delivered,28.0,Not Applicable,No,Unknown,2.0,Priya Sharma
KF-10329,2024-04-26,CUST-1066,Vertex Industrial,Oil & Gas,Germany,Europe,Fire Detection,Manual Call Point,Process Area,Direct,16,858.04,5,13042.21,9825.11,3217.1,Delivered,38.0,Active,Yes,Replacement,4.0,Robert Taylor
KF-10330,2025-10-03,CUST-1113,Eastern Process Solutions,Data Center,UK,Europe,Fire Detection,Manual Call Point,Server Room,Direct,12,3239.33,0,38871.96,29784.11,9087.85,Cancelled,0.0,Active,No,Unknown,0.0,Michael Brown
KF-10331,2025-09-26,CUST-1098,Global Power Systems,Manufacturing,Singapore,Asia Pacific,Temperature Controls,High Temperature Switch,Production Floor,Distributor,18,7394.93,5,126453.3,81388.78,45064.52,In Transit,22.0,Active,Yes,Inspection,0.0,James Anderson
KF-10332,2025-03-01,CUST-1220,Global Power Systems,Manufacturing,France,Europe,Gas Ignition Controls,Gas Ignition Controller,Production Floor,Direct,13,4763.93,0,61931.09,39747.06,22184.03,Cancelled,0.0,Active,No,Unknown,0.0,Robert Taylor
KF-10333,2024-01-29,CUST-1155,Apex Data Infrastructure,Healthcare,Netherlands,Europe,Fire Detection,Addressable Fire Alarm Panel,Critical Care Area,Direct,29,4568.6,5,125864.93,96838.35,29026.58,On Hold,0.0,Active,No,Unknown,0.0,Robert Taylor
KF-10334,2024-10-07,CUST-1130,Global Power Systems,Marine,Saudi Arabia,Middle East,Fire Detection,Manual Call Point,Engine Room,Distributor,15,4364.97,7,60891.33,49674.89,11216.44,Processing,0.0,Active,No,Unknown,0.0,Priya Sharma
KF-10335,2026-04-17,CUST-1218,Prime Commercial Group,Power Generation,Singapore,Asia Pacific,Fire Detection,Smoke Detector,Turbine Hall,Direct,28,468.42,7,12197.66,7268.02,4929.64,Cancelled,0.0,Not Applicable,No,Unknown,0.0,Sarah Wilson
KF-10336,2026-06-06,CUST-1155,Vertex Industrial,Oil & Gas,Japan,Asia Pacific,Fire Detection,Addressable Fire Alarm Panel,Process Area,Distributor,15,390.38,10,5270.13,4183.43,1086.7,On Hold,0.0,Active,No,Unknown,0.0,Sarah Wilson
KF-10337,2025-03-23,CUST-1249,BlueWave Engineering,Healthcare,Singapore,Asia Pacific,Temperature Controls,Temperature Controller,Critical Care Area,System Integrator,8,3674.11,12,25865.73,20095.65,5770.08,In Transit,12.0,Expired,No,Unknown,0.0,Emily Davis
KF-10338,2024-06-07,CUST-1091,Eastern Process Solutions,Oil & Gas,India,Asia Pacific,Temperature Controls,High Temperature Switch,Process Area,Direct,5,5797.76,7,26959.58,16345.0,10614.58,Processing,0.0,Active,No,Unknown,0.0,Sarah Wilson
KF-10339,2025-06-20,CUST-1180,BlueWave Engineering,Healthcare,UK,Europe,Fire Suppression,Water Mist System,Critical Care Area,Distributor,23,32643.54,3,728277.38,445098.14,283179.24,Processing,0.0,Active,Yes,Breakdown Support,0.0,James Anderson
KF-10340,2024-07-30,CUST-1222,BlueWave Engineering,Power Generation,India,Asia Pacific,Fire Detection,Addressable Fire Alarm Panel,Turbine Hall,System Integrator,26,5822.8,5,143823.16,116219.71,27603.45,In Transit,21.0,Active,Yes,Replacement,0.0,David Miller
KF-10341,2024-01-16,CUST-1015,BlueWave Engineering,BESS,Australia,Asia Pacific,Fire Detection,Manual Call Point,Battery Energy Storage Room,Distributor,13,3551.36,15,39242.53,24854.17,14388.36,Processing,0.0,Active,No,Unknown,0.0,David Miller
KF-10342,2024-11-10,CUST-1079,Global Power Systems,Commercial,Singapore,Asia Pacific,Fire Detection,Heat Detector,Commercial Building,Direct,3,2620.24,5,7467.68,5343.14,2124.54,Delivered,16.0,Active,No,Unknown,3.0,Robert Taylor
KF-10343,2025-03-14,CUST-1101,Prime Commercial Group,BESS,Canada,North America,Fire Suppression,Clean Agent System,Battery Energy Storage Room,OEM Partner,28,22444.72,10,565606.94,373619.46,191987.48,Delivered,23.0,Expired,Yes,Inspection,5.0,Priya Sharma
KF-10344,2024-10-11,CUST-1223,Apex Data Infrastructure,Healthcare,Canada,North America,Temperature Controls,Thermal Sensor,Critical Care Area,Direct,9,2685.22,0,24166.98,14119.34,10047.64,Delivered,25.0,Active,No,Unknown,3.0,Sarah Wilson
KF-10345,2025-08-16,CUST-1133,Apex Data Infrastructure,Marine,Singapore,Asia Pacific,Fire Suppression,Clean Agent System,Engine Room,Distributor,26,10727.04,3,270535.95,212560.98,57974.97,Delivered,16.0,Active,No,Unknown,2.0,Sarah Wilson
KF-10346,2024-04-23,CUST-1079,NextGrid Energy,Power Generation,France,Europe,Fire Detection,Addressable Fire Alarm Panel,Turbine Hall,Distributor,9,1908.88,5,16320.92,9480.64,6840.28,In Transit,19.0,Active,No,Unknown,0.0,Sarah Wilson
KF-10347,2025-07-23,CUST-1052,Summit Energy Services,Oil & Gas,Canada,North America,Gas Ignition Controls,Ignition Module,Process Area,OEM Partner,3,3028.26,12,7994.61,5154.21,2840.4,Delivered,42.0,Active,No,Unknown,5.0,Priya Sharma
KF-10348,2025-11-27,CUST-1025,Oceanic Marine Ltd,Commercial,India,Asia Pacific,Fire Detection,Heat Detector,Commercial Building,Direct,9,2341.27,5,20017.86,15530.44,4487.42,Delivered,13.0,Active,No,Unknown,4.0,Robert Taylor
KF-10349,2026-03-22,CUST-1198,Vertex Industrial,Commercial,UAE,Middle East,Fire Detection,Smoke Detector,Commercial Building,System Integrator,22,1083.59,10,21455.08,14739.91,6715.17,In Transit,29.0,Expired,No,Unknown,0.0,David Miller
KF-10350,2025-10-19,CUST-1222,Global Power Systems,Commercial,Saudi Arabia,Middle East,Fire Suppression,Water Mist System,Commercial Building,System Integrator,6,34315.74,3,199717.61,159464.92,40252.69,Delivered,44.0,Active,No,Unknown,4.0,Robert Taylor
KF-10351,2025-07-05,CUST-1170,MedCore Facilities,Manufacturing,Canada,North America,Fire Suppression,Clean Agent System,Production Floor,OEM Partner,9,15802.65,3,137957.13,80300.51,57656.62,In Transit,31.0,Active,No,Unknown,0.0,Michael Brown
KF-10352,2025-11-19,CUST-1235,Global Power Systems,Healthcare,USA,North America,Temperature Controls,Temperature Controller,Critical Care Area,Distributor,23,4579.06,5,100052.46,59694.69,40357.77,Delivered,26.0,Expired,Yes,Inspection,4.0,James Anderson
KF-10353,2025-10-19,CUST-1186,Vertex Industrial,Power Generation,Japan,Asia Pacific,Temperature Controls,High Temperature Switch,Turbine Hall,Distributor,16,5216.39,12,73446.77,42612.31,30834.46,In Transit,12.0,Active,Yes,Replacement,0.0,Emily Davis
KF-10354,2025-01-28,CUST-1153,Global Power Systems,Oil & Gas,Germany,Europe,Fire Suppression,CO2 Suppression System,Process Area,System Integrator,22,10106.61,12,195663.97,135025.6,60638.37,Processing,0.0,Active,Yes,Breakdown Support,0.0,Sarah Wilson
KF-10355,2025-01-06,CUST-1196,Prime Commercial Group,Healthcare,Germany,Europe,Fire Suppression,FM-200 Suppression System,Critical Care Area,Direct,27,33886.21,0,914927.67,742739.01,172188.66,On Hold,0.0,Not Applicable,No,Unknown,0.0,David Miller
KF-10356,2024-01-29,CUST-1074,Apex Data Infrastructure,Data Center,USA,North America,Gas Ignition Controls,Gas Ignition Controller,Server Room,OEM Partner,2,4515.64,15,7676.59,5927.32,1749.27,Delivered,19.0,Active,No,Unknown,1.0,Ananya Rao
KF-10357,2025-05-16,CUST-1106,Vertex Industrial,Oil & Gas,Germany,Europe,Fire Detection,Smoke Detector,Process Area,System Integrator,19,1969.11,0,37413.09,22791.5,14621.59,Delivered,13.0,Active,Yes,Preventive Maintenance,4.0,Ananya Rao
KF-10358,2024-08-02,CUST-1099,Apex Data Infrastructure,Marine,Canada,North America,Gas Ignition Controls,Ignition Module,Engine Room,Distributor,8,1406.87,3,10917.31,7752.23,3165.08,Cancelled,0.0,Active,No,Unknown,0.0,Ananya Rao
KF-10359,2026-05-20,CUST-1020,Vertex Industrial,Marine,UAE,Middle East,Fire Suppression,Clean Agent System,Engine Room,OEM Partner,28,26268.46,7,684030.7,549785.61,134245.09,In Transit,9.0,Not Applicable,No,Unknown,0.0,Sarah Wilson
KF-10360,2026-04-04,CUST-1185,Vertex Industrial,Data Center,USA,North America,Temperature Controls,Thermal Sensor,Server Room,System Integrator,25,9343.58,3,226581.82,164468.23,62113.59,On Hold,0.0,Active,Yes,Replacement,0.0,Priya Sharma
KF-10361,2025-07-04,CUST-1112,BlueWave Engineering,Oil & Gas,UAE,Middle East,Fire Detection,Manual Call Point,Process Area,OEM Partner,1,2773.73,3,2690.52,1752.21,938.31,On Hold,0.0,Not Applicable,No,Unknown,0.0,Sarah Wilson
KF-10362,2024-10-31,CUST-1210,MedCore Facilities,Healthcare,Canada,North America,Fire Suppression,CO2 Suppression System,Critical Care Area,Direct,18,13420.09,7,224652.31,177404.05,47248.26,Delivered,0.0,Active,Yes,Inspection,3.0,Emily Davis
KF-10363,2025-08-11,CUST-1073,Apex Data Infrastructure,Manufacturing,India,Asia Pacific,Temperature Controls,High Temperature Switch,Production Floor,OEM Partner,25,3140.43,10,70659.68,49342.77,21316.91,Processing,0.0,Active,Yes,Breakdown Support,0.0,James Anderson
KF-10364,2025-02-03,CUST-1168,Oceanic Marine Ltd,Healthcare,Australia,Asia Pacific,Fire Detection,Heat Detector,Critical Care Area,Direct,5,3254.05,10,14643.22,8866.53,5776.69,Delivered,34.0,Active,Yes,Inspection,4.0,James Anderson
KF-10365,2024-04-12,CUST-1237,Summit Energy Services,Data Center,Saudi Arabia,Middle East,Fire Detection,Manual Call Point,Server Room,Direct,6,3956.96,7,22079.84,14065.18,8014.66,Delivered,5.0,Not Applicable,No,Unknown,4.0,Emily Davis
KF-10366,2025-05-10,CUST-1146,Prime Commercial Group,Manufacturing,Australia,Asia Pacific,Fire Suppression,FM-200 Suppression System,Production Floor,Distributor,24,27723.0,5,632084.4,379039.03,253045.37,Delivered,31.0,Active,No,Unknown,4.0,Michael Brown
KF-10367,2025-05-10,CUST-1101,Prime Commercial Group,Power Generation,Japan,Asia Pacific,Fire Detection,Smoke Detector,Turbine Hall,System Integrator,22,3412.91,15,63821.42,49304.96,14516.46,In Transit,34.0,Active,Yes,Inspection,0.0,James Anderson
KF-10368,2025-05-18,CUST-1183,Global Power Systems,Manufacturing,Germany,Europe,Fire Detection,Manual Call Point,Production Floor,Distributor,20,5013.91,10,90250.38,62446.94,27803.44,On Hold,0.0,Expired,Yes,Breakdown Support,0.0,Emily Davis
KF-10369,2024-06-19,CUST-1116,Global Power Systems,BESS,UK,Europe,Gas Ignition Controls,Ignition Module,Battery Energy Storage Room,System Integrator,12,7854.01,0,94248.12,71478.22,22769.9,On Hold,0.0,Expired,No,Unknown,0.0,James Anderson
KF-10370,2024-08-13,CUST-1012,Global Power Systems,Data Center,Saudi Arabia,Middle East,Fire Suppression,Clean Agent System,Server Room,Distributor,19,18369.73,0,349024.87,272499.61,76525.26,Cancelled,0.0,Active,No,Unknown,0.0,Robert Taylor
KF-10371,2024-10-06,CUST-1065,Global Power Systems,BESS,India,Asia Pacific,Fire Suppression,FM-200 Suppression System,Battery Energy Storage Room,OEM Partner,14,9406.31,3,127737.69,95469.05,32268.64,Delivered,44.0,Not Applicable,No,Unknown,3.0,Priya Sharma
KF-10372,2025-04-10,CUST-1053,Eastern Process Solutions,Manufacturing,Canada,North America,Fire Suppression,CO2 Suppression System,Production Floor,OEM Partner,21,14367.82,3,292672.49,193436.32,99236.17,Processing,0.0,Expired,No,Unknown,0.0,David Miller
KF-10373,2026-07-23,CUST-1108,BlueWave Engineering,Healthcare,UAE,Middle East,Temperature Controls,Thermal Sensor,Critical Care Area,System Integrator,7,2195.76,5,14601.8,9893.31,4708.49,Delivered,32.0,Active,Yes,Commissioning,2.0,Emily Davis
KF-10374,2025-12-01,CUST-1210,BlueWave Engineering,Power Generation,UAE,Middle East,Fire Suppression,CO2 Suppression System,Turbine Hall,OEM Partner,26,15738.31,10,368276.45,292615.35,75661.1,Delivered,38.0,Active,No,Unknown,5.0,James Anderson
KF-10375,2024-07-31,CUST-1101,BlueWave Engineering,Marine,Japan,Asia Pacific,Fire Detection,Addressable Fire Alarm Panel,Engine Room,Distributor,7,2416.2,7,15729.46,11462.05,4267.41,In Transit,18.0,Active,Yes,Inspection,0.0,David Miller
KF-10376,2025-12-14,CUST-1111,Vertex Industrial,Marine,Saudi Arabia,Middle East,Gas Ignition Controls,Ignition Module,Engine Room,OEM Partner,8,4797.25,7,35691.54,24579.37,11112.17,In Transit,12.0,Active,No,Unknown,0.0,Robert Taylor
KF-10377,2024-05-16,CUST-1242,BlueWave Engineering,Marine,Australia,Asia Pacific,Fire Suppression,Clean Agent System,Engine Room,System Integrator,20,17460.05,7,324756.93,194995.26,129761.67,Delivered,39.0,Not Applicable,No,Unknown,5.0,Priya Sharma
KF-10378,2024-08-06,CUST-1175,NextGrid Energy,Oil & Gas,Singapore,Asia Pacific,Temperature Controls,Thermal Sensor,Process Area,Distributor,11,1648.28,5,17224.53,11822.07,5402.46,Delivered,38.0,Active,No,Unknown,4.0,Ananya Rao
KF-10379,2026-04-04,CUST-1012,Summit Energy Services,Commercial,UK,Europe,Gas Ignition Controls,Gas Ignition Controller,Commercial Building,Direct,21,5320.08,5,106135.6,75460.28,30675.32,Delivered,12.0,Active,No,Unknown,4.0,Michael Brown
KF-10380,2026-03-08,CUST-1235,MedCore Facilities,Manufacturing,USA,North America,Fire Suppression,Water Mist System,Production Floor,OEM Partner,21,31431.8,3,640265.77,442148.92,198116.85,In Transit,39.0,Active,No,Unknown,0.0,Priya Sharma
KF-10381,2025-07-27,CUST-1237,MedCore Facilities,Data Center,Canada,North America,Fire Suppression,Water Mist System,Server Room,System Integrator,26,4685.03,3,118156.46,90532.58,27623.88,On Hold,0.0,Active,No,Unknown,0.0,Priya Sharma
KF-10382,2025-11-12,CUST-1014,BlueWave Engineering,Manufacturing,Japan,Asia Pacific,Fire Detection,Addressable Fire Alarm Panel,Production Floor,Direct,29,925.78,5,25505.24,15160.98,10344.26,In Transit,13.0,Active,No,Unknown,0.0,Robert Taylor
KF-10383,2025-02-25,CUST-1209,NextGrid Energy,Marine,Australia,Asia Pacific,Gas Ignition Controls,Flame Detector,Engine Room,System Integrator,22,4144.81,3,88450.25,61057.87,27392.38,Delivered,43.0,Active,No,Unknown,2.0,Michael Brown
KF-10384,2024-04-23,CUST-1248,Eastern Process Solutions,Oil & Gas,Singapore,Asia Pacific,Fire Suppression,FM-200 Suppression System,Process Area,Distributor,27,29250.29,7,734474.78,566359.79,168114.99,Cancelled,0.0,Active,No,Unknown,0.0,Emily Davis
KF-10385,2026-05-06,CUST-1236,NextGrid Energy,BESS,UK,Europe,TEMPERATURE CONTROLS,Temperature Controller,Battery Energy Storage Room,System Integrator,28,5421.4,5,144209.24,96985.42,47223.82,Processing,0.0,Expired,No,Unknown,0.0,Sarah Wilson
KF-10386,2026-04-23,CUST-1187,Vertex Industrial,Power Generation,Canada,North America,Fire Detection,Addressable Fire Alarm Panel,Turbine Hall,Distributor,16,6223.97,12,87633.5,69370.02,18263.48,Delivered,10.0,Active,No,Unknown,3.0,Emily Davis
KF-10387,2024-08-29,CUST-1046,Eastern Process Solutions,Manufacturing,USA,North America,Fire Suppression,FM-200 Suppression System,Production Floor,System Integrator,5,20850.28,5,99038.83,71797.3,27241.53,On Hold,0.0,Active,No,Unknown,0.0,Emily Davis
KF-10388,2024-04-17,CUST-1070,BlueWave Engineering,Power Generation,Australia,Asia Pacific,Fire Detection,Manual Call Point,Turbine Hall,Distributor,17,1273.55,10,19485.31,11560.37,7924.94,Delivered,40.0,Expired,No,Unknown,4.0,Robert Taylor
KF-10389,2024-07-18,CUST-1071,MedCore Facilities,Oil & Gas,UAE,Middle East,Fire Suppression,Water Mist System,Process Area,Direct,12,15836.77,0,190041.24,119110.57,70930.67,Delivered,43.0,Active,No,Unknown,2.0,Michael Brown
KF-10390,2024-01-12,CUST-1023,Oceanic Marine Ltd,Data Center,UAE,Middle East,Gas Ignition Controls,Ignition Module,Server Room,Distributor,7,3288.14,5,21866.13,12734.67,9131.46,In Transit,8.0,Expired,No,Unknown,0.0,James Anderson
KF-10391,2026-05-20,CUST-1077,Prime Commercial Group,Manufacturing,Canada,North America,Gas Ignition Controls,Flame Detector,Production Floor,Direct,11,9638.76,15,90122.41,55638.53,34483.88,In Transit,33.0,Expired,No,Unknown,0.0,James Anderson
KF-10392,2024-12-28,CUST-1186,Vertex Industrial,Commercial,USA,North America,Fire Detection,Manual Call Point,Commercial Building,Direct,5,3455.59,12,15204.6,11985.97,3218.63,Cancelled,0.0,Active,No,Unknown,0.0,Michael Brown
KF-10393,2024-11-28,CUST-1219,Apex Data Infrastructure,Data Center,Saudi Arabia,Middle East,Fire Suppression,Clean Agent System,Server Room,System Integrator,1,12528.88,5,11902.44,7857.81,4044.63,Delivered,5.0,Active,No,Unknown,5.0,Emily Davis
KF-10394,2025-08-23,CUST-1056,NextGrid Energy,Oil & Gas,India,Asia Pacific,Gas Ignition Controls,Gas Ignition Controller,Process Area,Direct,29,3202.49,0,92872.21,68487.71,24384.5,Processing,0.0,Active,No,Unknown,0.0,James Anderson
KF-10395,2025-07-11,CUST-1128,Eastern Process Solutions,BESS,Saudi Arabia,Middle East,Gas Ignition Controls,Gas Ignition Controller,Battery Energy Storage Room,System Integrator,8,9148.88,0,73191.04,54205.06,18985.98,Delivered,17.0,Active,No,Unknown,5.0,Robert Taylor
KF-10396,2026-05-01,CUST-1043,MedCore Facilities,Oil & Gas,India,Asia Pacific,Temperature Controls,Temperature Controller,Process Area,System Integrator,12,5511.33,7,61506.44,44477.43,17029.01,Delivered,38.0,Active,Yes,Commissioning,5.0,David Miller
KF-10397,2026-05-19,CUST-1204,Vertex Industrial,Oil & Gas,India,Asia Pacific,Fire Detection,Addressable Fire Alarm Panel,Process Area,System Integrator,18,5421.6,3,94661.14,61848.61,32812.53,Delivered,39.0,Active,No,Unknown,3.0,Priya Sharma
KF-10398,2024-09-09,CUST-1067,Eastern Process Solutions,BESS,Australia,Asia Pacific,Fire Suppression,Water Mist System,Battery Energy Storage Room,System Integrator,1,30081.88,5,28577.79,20756.77,7821.02,Delivered,6.0,Expired,No,Unknown,4.0,David Miller
KF-10399,2026-05-21,CUST-1139,Apex Data Infrastructure,Manufacturing,Netherlands,Europe,Temperature Controls,Thermal Sensor,Production Floor,Distributor,25,7717.74,5,183296.32,114156.87,69139.45,In Transit,30.0,Active,Yes,Replacement,0.0,Ananya Rao
KF-10400,2025-03-28,CUST-1182,Summit Energy Services,Manufacturing,Germany,Europe,Fire Suppression,Clean Agent System,Production Floor,Distributor,21,20678.09,5,412527.9,319234.12,93293.78,Delivered,35.0,Active,No,Unknown,4.0,Ananya Rao
KF-10401,2026-06-28,CUST-1129,Eastern Process Solutions,Marine,USA,North America,Fire Detection,Heat Detector,Engine Room,Direct,11,1941.76,3,20718.58,15989.52,4729.06,Delivered,34.0,Active,No,Unknown,5.0,Sarah Wilson
KF-10402,2024-12-21,CUST-1106,MedCore Facilities,Manufacturing,UK,Europe,Fire Suppression,CO2 Suppression System,Production Floor,Direct,20,18396.4,12,323776.64,230146.92,93629.72,Delivered,8.0,Active,No,Unknown,3.0,Emily Davis
KF-10403,2025-12-30,CUST-1066,NextGrid Energy,Commercial,Canada,North America,Fire Detection,Manual Call Point,Commercial Building,OEM Partner,16,5802.35,5,88195.72,63770.39,24425.33,Processing,0.0,Active,No,Unknown,0.0,Sarah Wilson
KF-10404,2025-06-23,CUST-1085,BlueWave Engineering,Commercial,Canada,North America,Fire Detection,Manual Call Point,Commercial Building,OEM Partner,4,4449.95,3,17265.81,10483.43,6782.38,In Transit,43.0,Active,No,Unknown,0.0,Robert Taylor
KF-10405,2024-06-10,CUST-1051,Vertex Industrial,Oil & Gas,UAE,Middle East,Temperature Controls,Thermal Sensor,Process Area,Direct,9,6117.7,3,53407.52,33252.26,20155.26,On Hold,0.0,Active,No,Unknown,0.0,Robert Taylor
KF-10406,2024-07-26,CUST-1082,Summit Energy Services,BESS,Saudi Arabia,Middle East,Gas Ignition Controls,Flame Detector,Battery Energy Storage Room,Distributor,4,2807.56,5,10668.73,8253.38,2415.35,Delivered,20.0,Expired,Yes,Replacement,4.0,Robert Taylor
KF-10407,2026-01-12,CUST-1001,Prime Commercial Group,BESS,France,Europe,Fire Suppression,CO2 Suppression System,Battery Energy Storage Room,OEM Partner,28,37220.93,10,937967.44,671048.21,266919.23,Processing,0.0,Active,No,Unknown,0.0,Robert Taylor
KF-10408,2025-08-15,CUST-1059,Global Power Systems,Marine,USA,North America,Gas Ignition Controls,Gas Ignition Controller,Engine Room,Direct,17,11127.42,7,175924.51,135323.93,40600.58,Processing,0.0,Active,No,Unknown,0.0,Emily Davis
KF-10409,2024-08-02,CUST-1022,Vertex Industrial,Data Center,USA,North America,Fire Suppression,Water Mist System,Server Room,Distributor,2,24085.73,10,43354.31,32530.84,10823.47,Processing,0.0,Not Applicable,No,Unknown,0.0,Sarah Wilson
KF-10410,2024-11-20,CUST-1082,BlueWave Engineering,Data Center,Canada,North America,Fire Detection,Manual Call Point,Server Room,Distributor,21,830.42,5,16566.88,13327.03,3239.85,Delivered,42.0,Active,Yes,Commissioning,4.0,Sarah Wilson
KF-10411,2024-06-27,CUST-1128,MedCore Facilities,Manufacturing,Singapore,Asia Pacific,Gas Ignition Controls,Ignition Module,Production Floor,Distributor,10,8008.4,5,76079.8,56721.88,19357.92,Delivered,33.0,Active,No,Unknown,5.0,Ananya Rao
KF-10412,2025-11-11,CUST-1112,Global Power Systems,Data Center,UAE,Middle East,Temperature Controls,Thermal Sensor,Server Room,Distributor,4,7195.59,3,27918.89,17961.73,9957.16,Delivered,25.0,Active,No,Unknown,4.0,Ananya Rao
KF-10413,2025-01-30,CUST-1029,Global Power Systems,Data Center,Germany,Europe,Fire Detection,Addressable Fire Alarm Panel,Server Room,OEM Partner,9,644.78,0,5803.02,4670.26,1132.76,Delivered,20.0,Active,No,Unknown,4.0,Robert Taylor
KF-10414,2024-05-15,CUST-1228,Apex Data Infrastructure,Healthcare,India,Asia Pacific,Gas Ignition Controls,Flame Detector,Critical Care Area,Distributor,10,11049.88,7,102763.88,80784.94,21978.94,In Transit,7.0,Expired,No,Unknown,0.0,David Miller
KF-10415,2025-11-14,CUST-1180,NextGrid Energy,Healthcare,Germany,Europe,Fire Suppression,Clean Agent System,Critical Care Area,OEM Partner,11,23601.01,10,233650.0,173218.4,60431.6,In Transit,34.0,Not Applicable,Yes,Replacement,0.0,Priya Sharma
KF-10416,2025-12-23,CUST-1214,Summit Energy Services,Data Center,UK,Europe,Fire Suppression,Water Mist System,Server Room,Direct,13,12889.46,5,159184.83,97246.18,61938.65,Delivered,17.0,Active,No,Unknown,4.0,Michael Brown
KF-10417,2024-09-20,CUST-1177,Apex Data Infrastructure,Data Center,Netherlands,Europe,Fire Detection,Manual Call Point,Server Room,System Integrator,17,2216.42,10,33911.23,23524.41,10386.82,Delivered,16.0,Not Applicable,No,Unknown,4.0,Emily Davis
KF-10418,2026-01-15,CUST-1172,BlueWave Engineering,Manufacturing,France,Europe,Gas Ignition Controls,Flame Detector,Production Floor,OEM Partner,28,5845.21,7,152209.27,105480.41,46728.86,In Transit,42.0,Active,No,Unknown,0.0,Emily Davis
KF-10419,2025-06-03,CUST-1036,Global Power Systems,Data Center,USA,North America,Fire Detection,Manual Call Point,Server Room,System Integrator,8,6273.8,12,44167.55,26044.17,18123.38,Delivered,19.0,Active,No,Unknown,3.0,Michael Brown
KF-10420,2026-05-18,CUST-1167,Summit Energy Services,Data Center,Germany,Europe,Fire Detection,Heat Detector,Server Room,Distributor,27,5076.58,5,130214.28,92198.62,38015.66,Delivered,34.0,Active,No,Unknown,5.0,Robert Taylor
KF-10421,2025-01-27,CUST-1161,Eastern Process Solutions,BESS,UK,Europe,Fire Detection,Addressable Fire Alarm Panel,Battery Energy Storage Room,OEM Partner,27,6421.12,10,156033.22,126434.05,29599.17,In Transit,19.0,Active,No,Unknown,0.0,David Miller
KF-10422,2025-02-08,CUST-1116,Apex Data Infrastructure,Data Center,Singapore,Asia Pacific,Fire Detection,Smoke Detector,Server Room,Distributor,13,5697.15,10,66656.66,42916.57,23740.09,Delivered,13.0,Active,No,Unknown,4.0,Michael Brown
KF-10423,2024-09-13,CUST-1014,Eastern Process Solutions,Data Center,USA,North America,Gas Ignition Controls,Gas Ignition Controller,Server Room,System Integrator,3,6019.14,12,15890.53,10952.23,4938.3,Delivered,29.0,Not Applicable,No,Unknown,5.0,Robert Taylor
KF-10424,2025-01-18,CUST-1103,MedCore Facilities,Power Generation,Netherlands,Europe,Fire Suppression,CO2 Suppression System,Turbine Hall,OEM Partner,3,20099.12,5,57282.49,35734.54,21547.95,On Hold,0.0,Not Applicable,No,Unknown,0.0,Ananya Rao
KF-10425,2025-08-07,CUST-1138,Prime Commercial Group,Marine,UK,Europe,Fire Suppression,Water Mist System,Engine Room,Distributor,24,15375.71,0,369017.04,302115.21,66901.83,On Hold,0.0,Expired,Yes,Commissioning,0.0,James Anderson
KF-10426,2024-02-27,CUST-1158,Prime Commercial Group,Healthcare,Canada,North America,Fire Detection,Smoke Detector,Critical Care Area,System Integrator,12,1396.74,3,16258.05,9691.06,6566.99,In Transit,14.0,Not Applicable,No,Unknown,0.0,David Miller
KF-10427,2026-07-08,CUST-1057,Global Power Systems,Healthcare,France,Europe,Fire Detection,Addressable Fire Alarm Panel,Critical Care Area,System Integrator,12,1878.91,10,20292.23,14164.96,6127.27,In Transit,30.0,Active,Yes,Preventive Maintenance,0.0,Sarah Wilson
KF-10428,2024-05-10,CUST-1224,BlueWave Engineering,Manufacturing,Canada,North America,Fire Suppression,FM-200 Suppression System,Production Floor,System Integrator,23,32577.06,7,696823.31,425276.86,271546.45,In Transit,25.0,Expired,No,Unknown,0.0,Robert Taylor
KF-10429,2025-10-20,CUST-1166,Summit Energy Services,Data Center,Singapore,Asia Pacific,Fire Suppression,Clean Agent System,Server Room,Distributor,20,10035.04,10,180630.72,130096.88,50533.84,Delivered,19.0,Expired,No,Unknown,5.0,Priya Sharma
KF-10430,2024-05-28,CUST-1156,Eastern Process Solutions,Commercial,France,Europe,Temperature Controls,Temperature Controller,Commercial Building,Distributor,24,2604.99,10,56267.78,37311.38,18956.4,Processing,0.0,Active,No,Unknown,0.0,Priya Sharma
KF-10431,2025-12-10,CUST-1001,MedCore Facilities,Commercial,UK,Europe,Fire Detection,Manual Call Point,Commercial Building,System Integrator,29,4547.72,3,127927.36,78647.67,49279.69,In Transit,39.0,Active,No,Unknown,0.0,Robert Taylor
KF-10432,2024-09-17,CUST-1226,BlueWave Engineering,Power Generation,USA,North America,Temperature Controls,Thermal Sensor,Turbine Hall,System Integrator,19,7208.04,12,120518.43,78385.63,42132.8,Delivered,11.0,Expired,No,Unknown,5.0,Ananya Rao
KF-10433,2025-01-14,CUST-1113,Eastern Process Solutions,Marine,Canada,North America,Fire Detection,Manual Call Point,Engine Room,Distributor,11,595.33,15,5566.34,3814.53,1751.81,Delivered,26.0,Active,No,Unknown,4.0,David Miller
KF-10434,2025-06-19,CUST-1024,Prime Commercial Group,Data Center,USA,North America,Temperature Controls,Thermal Sensor,Server Room,Distributor,27,8649.36,7,217185.43,148592.13,68593.3,Processing,0.0,Active,No,Unknown,0.0,Emily Davis
KF-10435,2025-11-06,CUST-1009,Vertex Industrial,Healthcare,Australia,Asia Pacific,Fire Suppression,Clean Agent System,Critical Care Area,Direct,4,33004.97,5,125418.89,89368.63,36050.26,On Hold,0.0,Not Applicable,No,Unknown,0.0,Emily Davis
KF-10436,2024-08-13,CUST-1001,Apex Data Infrastructure,Commercial,Germany,Europe,Temperature Controls,Thermal Sensor,Commercial Building,System Integrator,15,5704.09,5,81283.28,65948.36,15334.92,Delivered,14.0,Not Applicable,No,Unknown,2.0,Michael Brown
KF-10437,2024-09-24,CUST-1160,Summit Energy Services,Data Center,Singapore,Asia Pacific,FIRE DETECTION,Manual Call Point,Server Room,Distributor,5,5351.71,12,23547.52,16793.11,6754.41,In Transit,10.0,Active,No,Unknown,0.0,David Miller
KF-10438,2026-07-04,CUST-1080,MedCore Facilities,Power Generation,Canada,North America,Fire Detection,Smoke Detector,Turbine Hall,OEM Partner,9,2155.3,12,17069.98,10066.86,7003.12,Delivered,8.0,Active,Yes,Breakdown Support,4.0,Emily Davis
KF-10439,2026-02-21,CUST-1012,BlueWave Engineering,Power Generation,Japan,Asia Pacific,Fire Detection,Smoke Detector,Turbine Hall,System Integrator,1,4247.44,7,3950.12,2672.81,1277.31,Delivered,31.0,Expired,No,Unknown,3.0,James Anderson
KF-10440,2025-09-22,CUST-1043,Oceanic Marine Ltd,Healthcare,USA,North America,Fire Suppression,FM-200 Suppression System,Critical Care Area,System Integrator,7,11193.34,5,74435.71,57994.87,16440.84,Delivered,15.0,Active,No,Unknown,4.0,James Anderson
KF-10441,2024-03-03,CUST-1066,Apex Data Infrastructure,Commercial,Australia,Asia Pacific,Fire Suppression,Water Mist System,Commercial Building,OEM Partner,26,23784.6,7,575111.63,431010.34,144101.29,In Transit,5.0,Expired,No,Unknown,0.0,Emily Davis
KF-10442,2025-04-16,CUST-1086,Global Power Systems,Healthcare,USA,North America,Fire Suppression,Clean Agent System,Critical Care Area,Direct,16,26977.65,7,401427.43,244481.57,156945.86,Delivered,17.0,Active,Yes,Replacement,4.0,Robert Taylor
KF-10443,2024-02-16,CUST-1049,BlueWave Engineering,Oil & Gas,Singapore,Asia Pacific,Fire Detection,Addressable Fire Alarm Panel,Process Area,Distributor,16,1795.57,0,28729.12,22249.62,6479.5,Delivered,20.0,Active,No,Unknown,5.0,Michael Brown
KF-10444,2024-03-30,CUST-1171,NextGrid Energy,Commercial,Australia,Asia Pacific,Fire Suppression,FM-200 Suppression System,Commercial Building,System Integrator,11,13970.25,3,149062.57,107818.15,41244.42,Delivered,16.0,Active,No,Unknown,5.0,James Anderson
KF-10445,2025-08-08,CUST-1245,Summit Energy Services,Commercial,Canada,North America,Temperature Controls,Temperature Controller,Commercial Building,System Integrator,4,8822.7,7,32820.44,24819.3,8001.14,In Transit,27.0,Active,No,Unknown,0.0,David Miller
KF-10446,2025-12-31,CUST-1233,MedCore Facilities,Commercial,USA,North America,Fire Suppression,CO2 Suppression System,Commercial Building,OEM Partner,25,19512.27,0,487806.75,298639.48,189167.27,On Hold,0.0,Expired,No,Unknown,0.0,James Anderson
KF-10447,2024-03-01,CUST-1144,Apex Data Infrastructure,Power Generation,Australia,Asia Pacific,Fire Suppression,Clean Agent System,Turbine Hall,Direct,3,19004.97,7,53023.87,35904.02,17119.85,Delivered,26.0,Active,No,Unknown,4.0,Emily Davis
KF-10448,2025-12-17,CUST-1077,Oceanic Marine Ltd,Data Center,Australia,Asia Pacific,Temperature Controls,Temperature Controller,Server Room,System Integrator,1,7297.46,5,6932.59,4683.52,2249.07,Cancelled,0.0,Active,No,Unknown,0.0,Sarah Wilson
KF-10449,2025-04-14,CUST-1056,Prime Commercial Group,Commercial,USA,North America,Fire Suppression,CO2 Suppression System,Commercial Building,System Integrator,13,25641.84,10,300009.53,181879.4,118130.13,In Transit,27.0,Active,No,Unknown,0.0,Michael Brown
KF-10450,2026-02-10,CUST-1173,MedCore Facilities,BESS,Saudi Arabia,Middle East,Gas Ignition Controls,Ignition Module,Battery Energy Storage Room,OEM Partner,4,6959.78,7,25890.38,20896.93,4993.45,Delivered,30.0,Active,No,Unknown,3.0,Robert Taylor
KF-10451,2026-01-23,CUST-1130,MedCore Facilities,BESS,Singapore,Asia Pacific,Temperature Controls,Thermal Sensor,Battery Energy Storage Room,OEM Partner,1,5175.67,7,4813.37,3899.73,913.64,Delivered,7.0,Expired,No,Unknown,5.0,Robert Taylor
KF-10452,2024-09-14,CUST-1221,Vertex Industrial,Data Center,UK,Europe,Fire Detection,Heat Detector,Server Room,Direct,21,4517.25,5,90119.14,56419.05,33700.09,Processing,0.0,Active,No,Unknown,0.0,Priya Sharma
KF-10453,2025-09-24,CUST-1099,Prime Commercial Group,Manufacturing,Canada,North America,Temperature Controls,Temperature Controller,Production Floor,OEM Partner,19,5831.25,7,103038.19,66073.84,36964.35,Delivered,8.0,Active,No,Unknown,5.0,Robert Taylor
KF-10454,2025-06-28,CUST-1092,NextGrid Energy,Healthcare,Australia,Asia Pacific,Fire Suppression,CO2 Suppression System,Critical Care Area,Direct,8,8552.67,15,58158.16,42418.0,15740.16,Processing,0.0,Active,Yes,Inspection,0.0,Ananya Rao
KF-10455,2024-07-22,CUST-1083,Vertex Industrial,Marine,Germany,Europe,Fire Detection,Addressable Fire Alarm Panel,Engine Room,Direct,17,3093.02,10,47323.21,34356.84,12966.37,Delivered,9.0,Expired,No,Unknown,3.0,Ananya Rao
KF-10456,2026-02-22,CUST-1078,Prime Commercial Group,Healthcare,USA,North America,Temperature Controls,Temperature Controller,Critical Care Area,System Integrator,19,8701.8,5,157067.49,116365.17,40702.32,Processing,0.0,Not Applicable,No,Unknown,0.0,Ananya Rao
KF-10457,2024-09-24,CUST-1137,BlueWave Engineering,BESS,Saudi Arabia,Middle East,Fire Suppression,Water Mist System,Battery Energy Storage Room,Distributor,29,36733.68,3,1033318.42,767066.83,266251.59,Delivered,39.0,Active,No,Unknown,4.0,Sarah Wilson
KF-10458,2026-07-07,CUST-1128,Prime Commercial Group,Healthcare,USA,North America,Fire Suppression,Clean Agent System,Critical Care Area,Direct,2,7972.63,12,14031.83,8490.47,5541.36,Delivered,14.0,Active,No,Unknown,4.0,Emily Davis
KF-10459,2025-04-09,CUST-1030,BlueWave Engineering,Data Center,Australia,Asia Pacific,Fire Detection,Addressable Fire Alarm Panel,Server Room,Distributor,20,1609.8,10,28976.4,22038.82,6937.58,Delivered,17.0,Expired,Yes,Replacement,4.0,Michael Brown
KF-10460,2024-06-02,CUST-1001,MedCore Facilities,Commercial,USA,North America,Fire Suppression,Water Mist System,Commercial Building,OEM Partner,15,27729.71,7,386829.45,272417.35,114412.1,On Hold,0.0,Active,No,Unknown,0.0,David Miller
KF-10461,2025-02-16,CUST-1169,Oceanic Marine Ltd,Marine,Canada,North America,Fire Suppression,Water Mist System,Engine Room,Direct,29,5049.11,7,136174.5,102479.18,33695.32,Delivered,35.0,Active,No,Unknown,5.0,Sarah Wilson
KF-10462,2025-07-19,CUST-1053,MedCore Facilities,Commercial,UAE,Middle East,Fire Detection,Addressable Fire Alarm Panel,Commercial Building,OEM Partner,5,6398.22,10,28791.99,19050.27,9741.72,Processing,0.0,Active,No,Unknown,0.0,Emily Davis
KF-10463,2026-07-16,CUST-1209,MedCore Facilities,Marine,Netherlands,Europe,Fire Detection,Heat Detector,Engine Room,System Integrator,6,5784.45,5,32971.36,20527.25,12444.11,Processing,0.0,Not Applicable,Yes,Inspection,0.0,David Miller
KF-10464,2026-02-20,CUST-1178,BlueWave Engineering,Data Center,Singapore,Asia Pacific,Fire Detection,Manual Call Point,Server Room,Distributor,26,2971.75,3,74947.54,55436.11,19511.43,Delivered,41.0,Active,No,Unknown,5.0,Michael Brown
KF-10465,2025-04-14,CUST-1080,Eastern Process Solutions,BESS,USA,North America,Fire Detection,Addressable Fire Alarm Panel,Battery Energy Storage Room,Direct,25,3933.78,3,95394.16,72462.36,22931.8,On Hold,0.0,Active,No,Unknown,0.0,Robert Taylor
KF-10466,2025-07-13,CUST-1101,MedCore Facilities,Power Generation,UAE,Middle East,Fire Suppression,Clean Agent System,Turbine Hall,Distributor,22,32195.01,7,658709.9,421407.32,237302.58,On Hold,0.0,Active,No,Unknown,0.0,David Miller
KF-10467,2025-01-31,CUST-1234,Oceanic Marine Ltd,BESS,Germany,Europe,Fire Suppression,Water Mist System,Battery Energy Storage Room,System Integrator,25,13646.21,5,324097.49,254281.48,69816.01,Delivered,5.0,Active,No,Unknown,5.0,Priya Sharma
KF-10468,2024-11-20,CUST-1154,BlueWave Engineering,Data Center,Canada,North America,Gas Ignition Controls,Ignition Module,Server Room,System Integrator,12,7466.21,7,83322.9,54693.53,28629.37,Delivered,32.0,Active,No,Unknown,5.0,Michael Brown
KF-10469,2025-11-09,CUST-1061,BlueWave Engineering,Manufacturing,Singapore,Asia Pacific,Fire Suppression,Water Mist System,Production Floor,OEM Partner,5,31743.77,5,150782.91,101246.99,49535.92,In Transit,39.0,Not Applicable,No,Unknown,0.0,Michael Brown
KF-10470,2025-09-08,CUST-1128,Oceanic Marine Ltd,Oil & Gas,Netherlands,Europe,Fire Suppression,Water Mist System,Process Area,Distributor,6,32358.76,10,174737.3,121103.45,53633.85,Delivered,17.0,Active,No,Unknown,5.0,Ananya Rao
KF-10471,2026-04-24,CUST-1185,Vertex Industrial,Power Generation,USA,North America,Fire Detection,Smoke Detector,Turbine Hall,OEM Partner,9,2228.04,5,19049.74,12925.73,6124.01,In Transit,35.0,Active,Yes,Commissioning,0.0,Ananya Rao
KF-10472,2024-04-19,CUST-1017,Eastern Process Solutions,Data Center,Canada,North America,Fire Detection,Heat Detector,Server Room,OEM Partner,7,6393.71,12,39385.25,27905.44,11479.81,Delivered,26.0,Active,Yes,Breakdown Support,4.0,David Miller
KF-10473,2024-06-21,CUST-1021,NextGrid Energy,Marine,Canada,North America,Temperature Controls,Temperature Controller,Engine Room,System Integrator,18,6223.4,5,106420.14,63644.4,42775.74,Delivered,32.0,Not Applicable,No,Unknown,4.0,Sarah Wilson
KF-10474,2024-08-22,CUST-1049,BlueWave Engineering,Manufacturing,France,Europe,Fire Detection,Addressable Fire Alarm Panel,Production Floor,Direct,12,3299.25,5,37611.45,26257.75,11353.7,In Transit,0.0,Active,Yes,Preventive Maintenance,0.0,Sarah Wilson
KF-10475,2026-05-31,CUST-1197,MedCore Facilities,Data Center,USA,North America,Fire Suppression,FM-200 Suppression System,Server Room,Direct,7,33371.21,5,221918.55,162451.34,59467.21,Cancelled,0.0,Expired,Yes,Commissioning,0.0,Priya Sharma
KF-10476,2026-07-25,CUST-1002,NextGrid Energy,Manufacturing,Germany,Europe,Fire Suppression,CO2 Suppression System,Production Floor,System Integrator,13,4965.37,7,60031.32,44151.68,15879.64,Delivered,34.0,Not Applicable,No,Unknown,5.0,Robert Taylor
KF-10477,2026-01-02,CUST-1221,Summit Energy Services,Oil & Gas,USA,North America,Fire Detection,Heat Detector,Process Area,System Integrator,16,2575.53,0,41208.48,32593.08,8615.4,Delivered,43.0,Active,No,Unknown,2.0,Sarah Wilson
KF-10478,2025-04-07,CUST-1155,Eastern Process Solutions,Marine,Canada,North America,Fire Suppression,FM-200 Suppression System,Engine Room,OEM Partner,27,29140.27,10,708108.56,535053.39,173055.17,Processing,0.0,Active,No,Unknown,0.0,Priya Sharma
KF-10479,2025-11-20,CUST-1242,NextGrid Energy,Commercial,UK,Europe,Temperature Controls,Temperature Controller,Commercial Building,Direct,22,1948.38,12,37720.64,27387.45,10333.19,Delivered,38.0,Active,No,Unknown,4.0,Emily Davis
KF-10480,2025-10-03,CUST-1163,Vertex Industrial,Healthcare,France,Europe,Fire Detection,Smoke Detector,Critical Care Area,OEM Partner,25,5110.77,0,127769.25,94774.34,32994.91,Processing,0.0,Active,No,Unknown,0.0,Robert Taylor
KF-10481,2026-06-01,CUST-1139,Apex Data Infrastructure,BESS,Germany,Europe,Fire Suppression,FM-200 Suppression System,Battery Energy Storage Room,System Integrator,21,27792.4,7,542785.57,374012.56,168773.01,Delivered,41.0,Active,No,Unknown,5.0,Sarah Wilson
KF-10482,2024-01-26,CUST-1035,Apex Data Infrastructure,Marine,India,Asia Pacific,Temperature Controls,Thermal Sensor,Engine Room,OEM Partner,18,3351.4,5,57308.94,46197.76,11111.18,In Transit,37.0,Active,No,Unknown,0.0,Priya Sharma
KF-10483,2025-04-20,CUST-1175,Prime Commercial Group,Healthcare,USA,North America,Fire Detection,Addressable Fire Alarm Panel,Critical Care Area,Direct,12,4099.67,3,47720.16,33182.48,14537.68,Cancelled,0.0,Active,No,Unknown,0.0,Ananya Rao
KF-10484,2024-03-27,CUST-1185,MedCore Facilities,Data Center,USA,North America,Fire Detection,Manual Call Point,Server Room,System Integrator,20,5125.96,10,92267.28,68703.17,23564.11,Delivered,38.0,Expired,No,Unknown,5.0,Michael Brown
KF-10485,2024-07-26,CUST-1052,Summit Energy Services,BESS,Singapore,Asia Pacific,Fire Detection,Manual Call Point,Battery Energy Storage Room,Direct,16,5649.71,12,79547.92,62607.56,16940.36,Delivered,33.0,Not Applicable,No,Unknown,5.0,Priya Sharma
KF-10486,2024-08-15,CUST-1016,Vertex Industrial,Power Generation,UK,Europe,Fire Detection,Smoke Detector,Turbine Hall,System Integrator,12,1838.59,7,20518.66,12878.54,7640.12,Processing,0.0,Expired,No,Unknown,0.0,Sarah Wilson
KF-10487,2024-04-14,CUST-1100,Oceanic Marine Ltd,Manufacturing,Singapore,Asia Pacific,Fire Detection,Smoke Detector,Production Floor,Distributor,9,634.07,7,5307.17,3228.38,2078.79,Delivered,36.0,Active,No,Unknown,5.0,Michael Brown
KF-10488,2025-07-26,CUST-1198,Eastern Process Solutions,BESS,Singapore,Asia Pacific,Gas Ignition Controls,Gas Ignition Controller,Battery Energy Storage Room,System Integrator,22,11088.49,12,214673.17,145917.31,68755.86,In Transit,10.0,Active,No,Unknown,0.0,Robert Taylor
KF-10489,2024-02-28,CUST-1041,Apex Data Infrastructure,BESS,France,Europe,Fire Suppression,Clean Agent System,Battery Energy Storage Room,System Integrator,8,27953.82,3,216921.64,161106.57,55815.07,On Hold,0.0,Active,No,Unknown,0.0,Emily Davis
KF-10490,2025-10-07,CUST-1175,MedCore Facilities,Marine,France,Europe,Temperature Controls,Thermal Sensor,Engine Room,OEM Partner,29,5104.76,3,143596.9,106009.56,37587.34,On Hold,0.0,Active,Yes,Preventive Maintenance,0.0,Michael Brown
KF-10491,2026-03-15,CUST-1157,Eastern Process Solutions,Healthcare,USA,North America,Gas Ignition Controls,Gas Ignition Controller,Critical Care Area,OEM Partner,7,4102.6,12,25272.02,17053.5,8218.52,Delivered,30.0,Active,No,Unknown,5.0,David Miller
KF-10492,2026-05-20,CUST-1012,Apex Data Infrastructure,Commercial,Australia,Asia Pacific,Fire Suppression,FM-200 Suppression System,Commercial Building,OEM Partner,13,22318.86,12,255327.76,176743.33,78584.43,Delivered,24.0,Not Applicable,No,Unknown,5.0,Priya Sharma
KF-10493,2025-04-18,CUST-1149,MedCore Facilities,Commercial,USA,North America,Fire Detection,Manual Call Point,Commercial Building,Direct,10,5349.27,3,51887.92,34352.28,17535.64,Delivered,19.0,Active,No,Unknown,3.0,James Anderson
KF-10494,2024-11-17,CUST-1191,Oceanic Marine Ltd,Marine,Singapore,Asia Pacific,Fire Suppression,Clean Agent System,Engine Room,OEM Partner,30,25160.59,5,717076.82,529556.1,187520.72,Delivered,19.0,Expired,No,Unknown,4.0,Robert Taylor
KF-10495,2025-07-21,CUST-1167,NextGrid Energy,BESS,Saudi Arabia,Middle East,Temperature Controls,Thermal Sensor,Battery Energy Storage Room,Direct,4,4495.14,7,16721.92,12883.39,3838.53,Delivered,16.0,Active,No,Unknown,1.0,Ananya Rao
KF-10309,2025-05-10,CUST-1222,NextGrid Energy,Commercial,Australia,Asia Pacific,Fire Suppression,Water Mist System,Commercial Building,OEM Partner,6,36443.21,0,218659.26,143939.21,74720.05,Delivered,31.0,Expired,No,Unknown,5.0,Ananya Rao
KF-10014,2024-10-09,CUST-1197,Oceanic Marine Ltd,Marine,India,Asia Pacific,Fire Suppression,CO2 Suppression System,Engine Room,OEM Partner,22,25642.01,5,535918.01,425567.76,110350.25,Delivered,25.0,Active,No,Unknown,4.0,David Miller
KF-10415,2025-11-14,CUST-1180,NextGrid Energy,Healthcare,Germany,Europe,Fire Suppression,Clean Agent System,Critical Care Area,OEM Partner,11,23601.01,10,233650.0,173218.4,60431.6,In Transit,34.0,Not Applicable,Yes,Replacement,0.0,Priya Sharma
KF-10033,2024-02-23,CUST-1145,MedCore Facilities,BESS,Singapore,Asia Pacific,Gas Ignition Controls,Flame Detector,Battery Energy Storage Room,System Integrator,8,10256.77,10,73848.74,48287.22,25561.52,On Hold,0.0,Active,No,Unknown,0.0,James Anderson
KF-10461,2025-02-16,CUST-1169,Oceanic Marine Ltd,Marine,Canada,North America,Fire Suppression,Water Mist System,Engine Room,Direct,29,5049.11,7,136174.5,102479.18,33695.32,Delivered,35.0,Active,No,Unknown,5.0,Sarah Wilson
